Workbook

Sheet Order
B2: MENU CA SÁNG | H2: CA CHIỀU | N2: Các bước thực hiện: | T2: Các bước thực hiện:
B3: Món chính | H3: Món chính | N3: B1: Chọn lần lượt menu ca sáng, ca chiều | T3: B1: Đưa trỏ chuột vào bảng dữ liệu
B4: Món phụ | H4: Món phụ | N4: B2: Chọn chi tiết "Món" - Ô C12 & ô I12 để lấy chi tiết nguyên liệu và số lượng order | T4: B2: Click "chuột phải" -> Pivot analys -> change data source -> chọn hết dữ liệu ở BẢNG PHỤ
B5: Món rau | H5: Món rau | K5: 91 | N5: B3: Copy value vào "BẢNG PHỤ - NGUYÊN LIỆU TỔNG HỢP" theo format bên dưới | T5: B3: Đưa trỏ chuột vào bảng dữ liệu --> click chuột phải -> refresh
B6: Mắm | E6: 5 | F6: 100 | H6: Mắm | N6: Lưu ý: | T6: Lưu ý:
B7: Món canh | E7: 15 | F7: 520 | H7: Món canh | J7: 87 | N7: Bảng phụ này được nhập tay và copy value từ " Bảng 1" và Bảng 2" | T7: Bảng ORDER này được chạy tự động từ "BẢNG PHỤ - NGUYÊN LIỆU TỔNG HỢP"
B8: Tráng miệng | E8: 4 | F8: 106 | H8: Tráng miệng | J8: 43 | N8: Cột "Nhà cung cấp" có thể phân loại nhiều item khác nhau để thuận tiện cho việc order | T8: Có thể thêm dòng ghi chú giao hàng ở cột Z
N9: Bảng này có thể in ra dán trên bảng thay vì viết tay
B11: CA SÁNG (BẢNG 1) | D11: Suất ăn DAV | E11: 580 | H11: CA CHIỀU (BẢNG 2) | J11: Suất ăn DAV | K11: 100 | N11: BẢNG PHỤ - NGUYÊN LIỆU TỔNG HỢP | T11: BẢNG ORDER NGÀY 06/07/2026
B12: Món | C12: Bí đao nấu tôm | D12: Suất ăn AVN | F12: 96 | H12: Món | I12: Đậu khuôn thịt bằm | J12: Suất ăn AVN
T13: Sum of Số lượng Order | U13: Column Labels
B14: NL Rau | C14: Định lượng (kg) / khay | D14: Khối lượng yêu cầu (kg) | E14: Lượng tồn (kg) | F14: Khối lượng cần đặt (kg) | H14: Row Labels | I14: Định lượng (kg) / khay | J14: Khối lượng yêu cầu (kg) | K14: Lượng tồn (kg) | L14: Khối lượng cần đặt (kg) | N14: Ca Nấu | O14: Nhà cung cấp | P14: Tên nguyên liệu | Q14: Số lượng Order | R14: Note | T14: Row Labels | U14: (blank) | V14: Grand Total | X14: Ghi chú
B15: Bí đao | C15: =IFERROR(VLOOKUP($C$12&$B15,'định lượng suất 25k'!$B:$J,9,0),0) -> 0.036764706 | D15: =C15*SUM($E$11:$E$12) -> 21.323529 | E15: 0 | F15: =D15-E15 -> 21.323529 | H15: NL Rau | I15: =IFERROR(VLOOKUP($I$12&H15,'định lượng suất 25k'!$B:$J,9,0),0) -> 0 | J15: =I15*SUM($K$11:$K$12) -> 0 | K15: 0 | L15: =J15-K15 -> 0 | T15: (blank)
B16: NL tươi sống | C16: =IFERROR(VLOOKUP($C$12&$B16,'định lượng suất 25k'!$B:$J,9,0),0) -> 0 | D16: =C16*SUM($E$11:$E$12) -> 0 | F16: =D16-E16 -> 0 | H16: Cà rốt | I16: =IFERROR(VLOOKUP($I$12&$H16,'định lượng suất 25k'!$B:$J,9,0),0) -> 0.016949153 | J16: =I16*SUM($K$11:$K$12) -> 1.6949153 | L16: =J16-K16 -> 1.6949153 | T16: Grand Total
B17: Tôm | C17: =IFERROR(VLOOKUP($C$12&$B17,'định lượng suất 25k'!$B:$J,9,0),0) -> 0.0037313433 | D17: =C17*SUM($E$11:$E$12) -> 2.1641791 | F17: =D17-E17 -> 2.1641791 | H17: Đậu khuôn | I17: =IFERROR(VLOOKUP($I$12&$H17,'định lượng suất 25k'!$B:$J,9,0),0) -> 1 | J17: =I17*SUM($K$11:$K$12) -> 100 | K17: 0 | L17: =J17-K17 -> 100
C18: =IFERROR(VLOOKUP($C$12&$B18,'định lượng suất 25k'!$B:$J,9,0),0) -> 0 | D18: =C18*SUM($E$11:$E$12) -> 0 | F18: =D18-E18 -> 0 | H18: Nấm mèo | I18: =IFERROR(VLOOKUP($I$12&$H18,'định lượng suất 25k'!$B:$J,9,0),0) -> 0.0016949153 | J18: =I18*SUM($K$11:$K$12) -> 0.16949153 | K18: 0 | L18: =J18-K18 -> 0.16949153
C19: =IFERROR(VLOOKUP($C$12&$B19,'định lượng suất 25k'!$B:$J,9,0),0) -> 0 | D19: =C19*SUM($E$11:$E$12) -> 0 | F19: =D19-E19 -> 0 | H19: NL tươi sống | I19: =IFERROR(VLOOKUP($I$12&$H19,'định lượng suất 25k'!$B:$J,9,0),0) -> 0 | J19: =I19*SUM($K$11:$K$12) -> 0 | K19: 0 | L19: =J19-K19 -> 0
C20: =IFERROR(VLOOKUP($C$12&$B20,'định lượng suất 25k'!$B:$J,9,0),0) -> 0 | D20: =C20*SUM($E$11:$E$12) -> 0 | F20: =D20-E20 -> 0 | H20: Thịt bằm | I20: =IFERROR(VLOOKUP($I$12&$H20,'định lượng suất 25k'!$B:$J,9,0),0) -> 0.01 | J20: =I20*SUM($K$11:$K$12) -> 1 | K20: 0 | L20: =J20-K20 -> 1
C21: =IFERROR(VLOOKUP($C$12&$B21,'định lượng suất 25k'!$B:$J,9,0),0) -> 0 | D21: =C21*SUM($E$11:$E$12) -> 0 | F21: =D21-E21 -> 0 | I21: =IFERROR(VLOOKUP($I$12&$H21,'định lượng suất 25k'!$B:$J,9,0),0) -> 0 | J21: =I21*SUM($K$11:$K$12) -> 0 | L21: =J21-K21 -> 0
C22: =IFERROR(VLOOKUP($C$12&$B22,'định lượng suất 25k'!$B:$J,9,0),0) -> 0 | D22: =C22*SUM($E$11:$E$12) -> 0 | F22: =D22-E22 -> 0 | I22: =IFERROR(VLOOKUP($I$12&$H22,'định lượng suất 25k'!$B:$J,9,0),0) -> 0 | J22: =I22*SUM($K$11:$K$12) -> 0 | K22: 0 | L22: =J22-K22 -> 0
C23: =IFERROR(VLOOKUP($C$12&$B23,'định lượng suất 25k'!$B:$J,9,0),0) -> 0 | D23: =C23*SUM($E$11:$E$12) -> 0 | E23: 0 | F23: =D23-E23 -> 0 | I23: =IFERROR(VLOOKUP($I$12&$H23,'định lượng suất 25k'!$B:$J,9,0),0) -> 0 | J23: =I23*SUM($K$11:$K$12) -> 0 | K23: 0 | L23: =J23-K23 -> 0
C24: =IFERROR(VLOOKUP($C$12&$B24,'định lượng suất 25k'!$B:$J,9,0),0) -> 0 | D24: =C24*SUM($E$11:$E$12) -> 0 | E24: 0 | F24: =D24-E24 -> 0 | I24: =IFERROR(VLOOKUP($I$12&$H24,'định lượng suất 25k'!$B:$J,9,0),0) -> 0 | J24: =I24*SUM($K$11:$K$12) -> 0 | K24: 0 | L24: =J24-K24 -> 0
C25: =IFERROR(VLOOKUP($C$12&$B25,'định lượng suất 25k'!$B:$J,9,0),0) -> 0 | D25: =C25*SUM($E$11:$E$12) -> 0 | F25: =D25-E25 -> 0 | I25: =IFERROR(VLOOKUP($I$12&$H25,'định lượng suất 25k'!$B:$J,9,0),0) -> 0 | J25: =I25*SUM($K$11:$K$12) -> 0 | K25: 0 | L25: =J25-K25 -> 0
C26: =IFERROR(VLOOKUP($C$12&$B26,'định lượng suất 25k'!$B:$J,9,0),0) -> 0 | D26: =C26*SUM($E$11:$E$12) -> 0 | E26: 0 | F26: =D26-E26 -> 0 | I26: =IFERROR(VLOOKUP($I$12&$H26,'định lượng suất 25k'!$B:$J,9,0),0) -> 0 | J26: =I26*SUM($K$11:$K$12) -> 0 | K26: 0 | L26: =J26-K26 -> 0
C27: =IFERROR(VLOOKUP($C$12&$B27,'định lượng suất 25k'!$B:$J,9,0),0) -> 0 | D27: =C27*SUM($E$11:$E$12) -> 0 | E27: 0 | F27: =D27-E27 -> 0 | I27: =IFERROR(VLOOKUP($I$12&$H27,'định lượng suất 25k'!$B:$J,9,0),0) -> 0 | J27: =I27*SUM($K$11:$K$12) -> 0 | K27: 0 | L27: =J27-K27 -> 0
C28: =IFERROR(VLOOKUP($C$12&$B28,'định lượng suất 25k'!$B:$J,9,0),0) -> 0 | D28: =C28*SUM($E$11:$E$12) -> 0 | E28: 0 | F28: =D28-E28 -> 0 | I28: =IFERROR(VLOOKUP($I$12&$H28,'định lượng suất 25k'!$B:$J,9,0),0) -> 0 | J28: =I28*SUM($K$11:$K$12) -> 0 | K28: 0 | L28: =J28-K28 -> 0
C29: =IFERROR(VLOOKUP($C$12&$B43,'định lượng suất 25k'!$B:$J,9,0),0) -> 0 | D29: =C29*SUM($E$11:$E$12) -> 0 | E29: 0 | F29: =D29-E29 -> 0 | I29: =IFERROR(VLOOKUP($I$12&$H29,'định lượng suất 25k'!$B:$J,9,0),0) -> 0 | J29: =I29*SUM($K$11:$K$12) -> 0 | K29: 0
X54: kg
X55: lát
X56: kg
X57: kg
X59: kg
X61: kg
X62: kg
X63: kg
X64: kg
X65: kg
X67: quả
X68: quả
... X85: kg

Sheet Calculation
C2: MENU DAV | J2: MENU AVN
C3: Thứ 2 | D3: Thứ 3 | E3: Thứ 4 | F3: Thứ 5 | G3: Thứ 6 | H3: Thứ 7 | J3: Thứ 2 | K3: Thứ 3 | L3: Thứ 4 | M3: Thứ 5 | N3: Thứ 6 | O3: Thứ 7
B4: Món chính | I4: Món chính
B5: Món phụ | I5: Món phụ
B6: Món rau | I6: Món rau
B7: Mắm | I7: Mắm
B8: Món canh | I8: Món canh
B9: Tráng miệng | I9: Tráng miệng
H10: 26793500
C11: 20
C13: Menu món nước | D13: Cost | M13: Menu món cơm | N13: Cost | AK13: =SUMIF(D13:AG13,">0") -> 0
B14: Món chính | C14: =C24 -> Bún thịt nướng | D14: =D25 -> 8210 | L14: Món chính | M14: =M24 -> Thịt kho sả ruốc | N14: =N25 -> 4705.1282
B15: Tráng miệng | C15: =M71 -> Trái cây | D15: =N72 -> 1620.9458 | L15: Món phụ | M15: =M34 -> Đậu khuôn thịt bằm | N15: =N35 -> 2840.678
D16: =SUM(D14:D15) -> 9830.9458 | L16: Món rau | M16: =M44 -> Rau muống xào tỏi | N16: =N45 -> 576
L17: Mắm | M17: =M51 -> Dưa món | N17: =N52 -> 540
L18: Món canh | M18: =M61 -> Bầu nấu tôm | N18: =N62 -> 783.33333
L19: Tráng miệng | M19: =M71 -> Trái cây | N19: =N72 -> 1620.9458
N20: =SUM(N14:N19) -> 11066.085
B23: Menu | C23: (All) | F23: Suất ăn DAV | G23: 300 | L23: Menu | M23: Món chính | P23: Suất ăn DAV | Q23: 52
B24: Món | C24: Bún thịt nướng | F24: Suất ăn AVN | L24: Món | M24: Thịt kho sả ruốc | P24: Suất ăn AVN
D25: =SUM(D27:D1048576) -> 8210 | J25: =SUM(J27:J1048576) -> 2283000 | N25: =SUM(N27:N31) -> 4705.1282 | T25: =SUM(T27:T31) -> 244666.67
B26: Row Labels | C26: Định lượng (kg) / khay | D26: Cost / khay | F26: Khối lượng yêu cầu (kg) | G26: Lượng tồn (kg) | H26: Khối lượng cần đặt (kg) | I26: Giá nhập (kg) | J26: Thành tiền | L26: Row Labels | M26: Định lượng (kg) / khay | N26: Cost / khay | P26: Khối lượng yêu cầu (kg) | Q26: Lượng tồn (kg) | R26: Khối lượng cần đặt (kg) | S26: Giá nhập (kg) | T26: Thành tiền
B27: Cà chua | C27: =IFERROR(VLOOKUP($C$24&$B27,'định lượng suất 25k'!$B:$J,9,0),0) -> 0 | D27: =IFERROR(VLOOKUP($C$24&$B27,'định lượng suất 25k'!$B:$K,10,0),0) -> 0 | F27: =C27*SUM($G$23:$G$24) -> 0 | G27: 0 | H27: =F27-G27 -> 0 | I27: =IFERROR(VLOOKUP($C$24&$B27,'định lượng suất 25k'!$B:$H,7,0),0) -> 0 | J27: =H27*I27 -> 0 | L27: Thịt nạc vai | M27: =IFERROR(VLOOKUP($M$24&$L27,'định lượng suất 25k'!$B:$J,9,0),0) -> 0.029487179 | N27: =IFERROR(VLOOKUP($M$24&$L27,'định lượng suất 25k'!$B:$K,10,0),0) -> 3243.5897 | P27: =M27*SUM($Q$23:$Q$24) -> 1.5333333 | R27: =P27-Q27 -> 1.5333333 | S27: =IFERROR(VLOOKUP($M$24&$L27,'định lượng suất 25k'!$B:$H,7,0),0) -> 110000 | T27: =R27*S27 -> 168666.67
B28: Hành lá | C28: =IFERROR(VLOOKUP($C$24&$B28,'định lượng suất 25k'!$B:$J,9,0),0) -> 0 | D28: =IFERROR(VLOOKUP($C$24&$B28,'định lượng suất 25k'!$B:$K,10,0),0) -> 0 | F28: =C28*SUM($G$23:$G$24) -> 0 | G28: 1 | H28: =F28-G28 -> -1 | I28: =IFERROR(VLOOKUP($C$24&$B28,'định lượng suất 25k'!$B:$H,7,0),0) -> 0 | J28: =H28*I28 -> 0 | L28: Sả | M28: =IFERROR(VLOOKUP($M$24&$L28,'định lượng suất 25k'!$B:$J,9,0),0) -> 0.0064102564 | N28: =IFERROR(VLOOKUP($M$24&$L28,'định lượng suất 25k'!$B:$K,10,0),0) -> 160.25641 | P28: =M28*SUM($Q$23:$Q$24) -> 0.33333333 | R28: =P28-Q28 -> 0.33333333 | S28: =IFERROR(VLOOKUP($M$24&$L28,'định lượng suất 25k'!$B:$H,7,0),0) -> 25000 | T28: =R28*S28 -> 8333.3333
B29: Nạc vai | C29: =IFERROR(VLOOKUP($C$24&$B29,'định lượng suất 25k'!$B:$J,9,0),0) -> 0.075 | D29: =IFERROR(VLOOKUP($C$24&$B29,'định lượng suất 25k'!$B:$K,10,0),0) -> 6750 | F29: =C29*SUM($G$23:$G$24) -> 22.5 | G29: 2 | H29: =F29-G29 -> 20.5 | I29: =IFERROR(VLOOKUP($C$24&$B29,'định lượng suất 25k'!$B:$H,7,0),0) -> 90000 | J29: =H29*I29 -> 1845000 | L29: Mắm ruốc | M29: =IFERROR(VLOOKUP($M$24&$L29,'định lượng suất 25k'!$B:$J,9,0),0) -> 0.0064102564 | N29: =IFERROR(VLOOKUP($M$24&$L29,'định lượng suất 25k'!$B:$K,10,0),0) -> 224.35897 | P29: =M29*SUM($Q$23:$Q$24) -> 0.33333333 | R29: =P29-Q29 -> 0.33333333 | S29: =IFERROR(VLOOKUP($M$24&$L29,'định lượng suất 25k'!$B:$H,7,0),0) -> 35000 | T29: =R29*S29 -> 11666.667
B30: Quế | C30: =IFERROR(VLOOKUP($C$24&$B30,'định lượng suất 25k'!$B:$J,9,0),0) -> 0 | D30: =IFERROR(VLOOKUP($C$24&$B30,'định lượng suất 25k'!$B:$K,10,0),0) -> 0 | F30: =C30*SUM($G$23:$G$24) -> 0 | G30: 0.5 | H30: =F30-G30 -> -0.5 | I30: =IFERROR(VLOOKUP($C$24&$B30,'định lượng suất 25k'!$B:$H,7,0),0) -> 0 | J30: =H30*I30 -> 0 | L30: Heo nọng nạc | M30: =IFERROR(VLOOKUP($M$24&$L30,'định lượng suất 25k'!$B:$J,9,0),0) -> 0.015384615 | N30: =IFERROR(VLOOKUP($M$24&$L30,'định lượng suất 25k'!$B:$K,10,0),0) -> 1076.9231 | P30: =M30*SUM($Q$23:$Q$24) -> 0.8 | R30: =P30-Q30 -> 0.8 | S30: =IFERROR(VLOOKUP($M$24&$L30,'định lượng suất 25k'!$B:$H,7,0),0) -> 70000 | T30: =R30*S30 -> 56000
B31: Xà lách | C31: =IFERROR(VLOOKUP($C$24&$B31,'định lượng suất 25k'!$B:$J,9,0),0) -> 0.02 | D31: =IFERROR(VLOOKUP($C$24&$B31,'định lượng suất 25k'!$B:$K,10,0),0) -> 500 | F31: =C31*SUM($G$23:$G$24) -> 6 | G31: 0 | H31: =F31-G31 -> 6 | I31: =IFERROR(VLOOKUP($C$24&$B31,'định lượng suất 25k'!$B:$H,7,0),0) -> 25000 | J31: =H31*I31 -> 150000
B32: Sả | C32: =IFERROR(VLOOKUP($C$24&$B32,'định lượng suất 25k'!$B:$J,9,0),0) -> 0.004 | D32: =IFERROR(VLOOKUP($C$24&$B32,'định lượng suất 25k'!$B:$K,10,0),0) -> 120 | F32: =C32*SUM($G$23:$G$24) -> 1.2 | G32: 0 | H32: =F32-G32 -> 1.2 | I32: =IFERROR(VLOOKUP($C$24&$B32,'định lượng suất 25k'!$B:$H,7,0),0) -> 30000 | J32: =H32*I32 -> 36000
B33: Đậu phộng rang | C33: =IFERROR(VLOOKUP($C$24&$B33,'định lượng suất 25k'!$B:$J,9,0),0) -> 0.006 | D33: =IFERROR(VLOOKUP($C$24&$B33,'định lượng suất 25k'!$B:$K,10,0),0) -> 300 | F33: =C33*SUM($G$23:$G$24) -> 1.8 | G33: 0 | H33: =F33-G33 -> 1.8 | I33: =IFERROR(VLOOKUP($C$24&$B33,'định lượng suất 25k'!$B:$H,7,0),0) -> 50000 | J33: =H33*I33 -> 90000 | L33: Menu | M33: Món Phụ | P33: Suất ăn DAV | Q33: 300
B34: Dưa leo | C34: =IFERROR(VLOOKUP($C$24&$B34,'định lượng suất 25k'!$B:$J,9,0),0) -> 0.02 | D34: =IFERROR(VLOOKUP($C$24&$B34,'định lượng suất 25k'!$B:$K,10,0),0) -> 300 | F34: =C34*SUM($G$23:$G$24) -> 6 | G34: 0 | H34: =F34-G34 -> 6 | I34: =IFERROR(VLOOKUP($C$24&$B34,'định lượng suất 25k'!$B:$H,7,0),0) -> 15000 | J34: =H34*I34 -> 90000 | L34: Món | M34: Đậu khuôn thịt bằm | P34: Suất ăn AVN | Q34: 140
B35: Đu đủ xanh | C35: =IFERROR(VLOOKUP($C$24&$B35,'định lượng suất 25k'!$B:$J,9,0),0) -> 0.02 | D35: =IFERROR(VLOOKUP($C$24&$B35,'định lượng suất 25k'!$B:$K,10,0),0) -> 240 | F35: =C35*SUM($G$23:$G$24) -> 6 | G35: 0 | H35: =F35-G35 -> 6 | I35: =IFERROR(VLOOKUP($C$24&$B35,'định lượng suất 25k'!$B:$H,7,0),0) -> 12000 | J35: =H35*I35 -> 72000 | N35: =SUM(N37:N41) -> 2840.678 | T35: =SUM(T37:T41) -> 193464.41
C36: =IFERROR(VLOOKUP($C$24&$B36,'định lượng suất 25k'!$B:$J,9,0),0) -> 0 | D36: =IFERROR(VLOOKUP($C$24&$B36,'định lượng suất 25k'!$B:$K,10,0),0) -> 0 | F36: =C36*SUM($G$23:$G$24) -> 0 | G36: 0 | H36: =F36-G36 -> 0 | I36: =IFERROR(VLOOKUP($C$24&$B48,'định lượng suất 25k'!$B:$H,7,0),0) -> 0 | J36: =H36*I36 -> 0 | L36: Row Labels | M36: Định lượng (kg) / khay | N36: Cost / khay | P36: Khối lượng yêu cầu (kg) | Q36: Lượng tồn (kg) | R36: Khối lượng cần đặt (kg) | S36: Giá nhập (kg) | T36: Thành tiền
C37: =IFERROR(VLOOKUP($C$24&$B37,'định lượng suất 25k'!$B:$J,9,0),0) -> 0 | D37: =IFERROR(VLOOKUP($C$24&$B37,'định lượng suất 25k'!$B:$K,10,0),0) -> 0 | F37: =C37*SUM($G$23:$G$24) -> 0 | G37: 0 | H37: =F37-G37 -> 0 | I37: =IFERROR(VLOOKUP($C$24&$B49,'định lượng suất 25k'!$B:$H,7,0),0) -> 0 | J37: =H37*I37 -> 0 | L37: Cà rốt | M37: =VLOOKUP($M$34&$L37,'định lượng suất 25k'!$B:$J,9,0) -> 0.016949153 | N37: =VLOOKUP($M$34&$L37,'định lượng suất 25k'!$B:$K,10,0) -> 254.23729 | P37: =M37*SUM($Q$33:$Q$34) -> 7.4576271 | Q37: 0 | R37: =P37-Q37 -> 7.4576271 | S37: =IFERROR(VLOOKUP($M$34&$L37,'định lượng suất 25k'!$B:$H,7,0),0) -> 15000 | T37: =R37*S37 -> 111864.41
C38: =IFERROR(VLOOKUP($C$24&$B38,'định lượng suất 25k'!$B:$J,9,0),0) -> 0 | D38: =IFERROR(VLOOKUP($C$24&$B38,'định lượng suất 25k'!$B:$K,10,0),0) -> 0 | F38: =C38*SUM($G$23:$G$24) -> 0 | G38: 0 | H38: =F38-G38 -> 0 | I38: =IFERROR(VLOOKUP($C$24&$B50,'định lượng suất 25k'!$B:$H,7,0),0) -> 0 | J38: =H38*I38 -> 0 | L38: Đậu khuôn | M38: =VLOOKUP($M$34&$L38,'định lượng suất 25k'!$B:$J,9,0) -> 1 | N38: =VLOOKUP($M$34&$L38,'định lượng suất 25k'!$B:$K,10,0) -> 1600 | P38: =M38*SUM($Q$23:$Q$24) -> 52 | Q38: 1 | R38: =P38-Q38 -> 51 | S38: =IFERROR(VLOOKUP($M$34&$L38,'định lượng suất 25k'!$B:$H,7,0),0) -> 1600 | T38: =R38*S38 -> 81600
C39: =IFERROR(VLOOKUP($C$24&$B39,'định lượng suất 25k'!$B:$J,9,0),0) -> 0 | D39: =IFERROR(VLOOKUP($C$24&$B51,'định lượng suất 25k'!$B:$K,10,0),0) -> 0 | F39: =C39*SUM($G$23:$G$24) -> 0 | G39: 0 | H39: =F39-G39 -> 0 | I39: =IFERROR(VLOOKUP($C$24&$B51,'định lượng suất 25k'!$B:$H,7,0),0) -> 0 | J39: =H39*I39 -> 0 | L39: Nấm mèo | M39: =VLOOKUP($M$34&$L39,'định lượng suất 25k'!$B:$J,9,0) -> 0.0016949153 | N39: =VLOOKUP($M$34&$L39,'định lượng suất 25k'!$B:$K,10,0) -> 186.44068
L40: Thịt bằm | M40: =VLOOKUP($M$34&$L40,'định lượng suất 25k'!$B:$J,9,0) -> 0.01 | N40: =VLOOKUP($M$34&$L40,'định lượng suất 25k'!$B:$K,10,0) -> 800
L43: Menu | M43: Món rau | P43: Suất ăn DAV | Q43: 300
L44: Món | M44: Rau muống xào tỏi | P44: Suất ăn AVN | Q44: 140
N45: =SUM(N47:N49) -> 576 | T45: =SUM(T47:T58) -> 72072
L46: Row Labels | M46: Định lượng (kg) / khay | N46: Cost / khay | P46: Khối lượng yêu cầu (kg) | Q46: Lượng tồn (kg) | R46: Khối lượng cần đặt (kg) | S46: Giá nhập (kg) | T46: Thành tiền
L47: Rau muống | M47: =VLOOKUP($M$44&$L47,'định lượng suất 25k'!$B:$J,9,0) -> 0.096 | N47: =VLOOKUP($M$44&$L47,'định lượng suất 25k'!$B:$K,10,0) -> 576 | P47: =M47*SUM($Q$23:$Q$24) -> 4.992 | Q47: 0 | R47: =P47-Q47 -> 4.992 | S47: =IFERROR(VLOOKUP($M$44&$L47,'định lượng suất 25k'!$B:$H,7,0),0) -> 6000 | T47: =R47*S47 -> 29952
P48: =M48*SUM($Q$23:$Q$24) -> 0 | Q48: 1 | R48: =P48-Q48 -> -1 | S48: =IFERROR(VLOOKUP($M$44&$L48,'định lượng suất 25k'!$B:$H,7,0),0) -> 0 | T48: =R48*S48 -> 0
L50: Menu | M50: Mắm | P50: Suất ăn DAV | Q50: 300
L51: Món | M51: Dưa món | P51: Suất ăn AVN | Q51: 140
N52: =AVERAGE(N54:N57) -> 540 | T52: =AVERAGE(T54:T57) -> 14040
L53: Row Labels | M53: Định lượng (kg) / khay | N53: Cost / khay | P53: Khối lượng yêu cầu (kg) | Q53: Lượng tồn (kg) | R53: Khối lượng cần đặt (kg) | S53: Giá nhập (kg) | T53: Thành tiền
L54: Dưa món | M54: =VLOOKUP($M$51&$L54,'định lượng suất 25k'!$B:$J,9,0) -> 0.03 | N54: =VLOOKUP($M$51&$L54,'định lượng suất 25k'!$B:$K,10,0) -> 540 | P54: =M54*SUM($Q$23:$Q$24) -> 1.56 | Q54: 0 | R54: =P54-Q54 -> 1.56 | S54: =IFERROR(VLOOKUP($M$51&$L54,'định lượng suất 25k'!$B:$H,7,0),0) -> 18000 | T54: =R54*S54 -> 28080
P55: =M55*SUM($Q$23:$Q$24) -> 0 | Q55: 1 | R55: =P55-Q55 -> -1 | S55: =IFERROR(VLOOKUP($M$51&$L55,'định lượng suất 25k'!$B:$H,7,0),0) -> 0 | T55: =R55*S55 -> 0
L60: Menu | M60: Món Canh | P60: Suất ăn DAV | Q60: 300
L61: Món | M61: Bầu nấu tôm | P61: Suất ăn AVN | Q61: 140
N62: =SUM(N64:N68) -> 783.33333 | T62: =SUM(T64:T68) -> 235000
L63: Row Labels | M63: Định lượng (kg) / khay | N63: Cost / khay | P63: Khối lượng yêu cầu (kg) | Q63: Lượng tồn (kg) | R63: Khối lượng cần đặt (kg) | S63: Giá nhập (kg) | T63: Thành tiền
L64: Bầu | M64: =VLOOKUP($M$61&$L64,'định lượng suất 25k'!$B:$J,9,0) -> 0.033333333 | N64: =VLOOKUP($M$61&$L64,'định lượng suất 25k'!$B:$K,10,0) -> 400 | P64: =M64*SUM($G$23:$G$24) -> 10 | Q64: 0 | R64: =P64-Q64 -> 10 | S64: =VLOOKUP($M$61&$L64,'định lượng suất 25k'!$B:$H,7,0) -> 12000 | T64: =R64*S64 -> 120000
L65: Tôm | M65: =VLOOKUP($M$61&$L65,'định lượng suất 25k'!$B:$J,9,0) -> 0.0033333333 | N65: =VLOOKUP($M$61&$L65,'định lượng suất 25k'!$B:$K,10,0) -> 383.33333 | P65: =M65*SUM($G$23:$G$24) -> 1 | Q65: 0 | R65: =P65-Q65 -> 1 | S65: =VLOOKUP($M$61&$L65,'định lượng suất 25k'!$B:$H,7,0) -> 115000 | T65: =R65*S65 -> 115000
P69: Miến dong rẻ | Q69: 1 | R69: làm chung vcv và wendler ~35s
L70: Menu | M70: Tráng miệng | P70: Suất ăn DAV | Q70: 1
L71: Món | M71: Trái cây | P71: Suất ăn AVN | Q71: 0.5
N72: =AVERAGE(N74:N78) -> 1620.9458 | O72: NCC chay | Q72: 0.5 | T72: =AVERAGE(T74:T78) -> #VALUE!
L73: Row Labels | M73: Định lượng (kg) / khay | N73: Cost / khay | O73: NCC chay | P73: Đậu khuôn chiên lát nhỏ | Q73: 15 | R73: cắt sợi | S73: Giá nhập (kg) | T73: Thành tiền
L74: Chôm chôm | M74: =VLOOKUP($M$71&$L74,'định lượng suất 25k'!$B:$J,9,0) -> 0.077586207 | N74: =VLOOKUP($M$71&$L74,'định lượng suất 25k'!$B:$K,10,0) -> 1939.6552 | P74: =M74*SUM($G$23:$G$24) -> 23.275862 | Q74: 0 | R74: lấy tồn | S74: =VLOOKUP($M$71&$L74,'định lượng suất 25k'!$B:$H,7,0) -> 25000 | T74: =R74*S74 -> #VALUE!
L75: Chuối | M75: =VLOOKUP($M$71&$L75,'định lượng suất 25k'!$B:$J,9,0) -> 1.039261 | N75: =VLOOKUP($M$71&$L75,'định lượng suất 25k'!$B:$K,10,0) -> 1558.8915 | P75: =M75*SUM($G$23:$G$24) -> 311.77829 | Q75: 0 | R75: =P75-Q75 -> 311.77829 | S75: =VLOOKUP($M$71&$L75,'định lượng suất 25k'!$B:$H,7,0) -> 1500 | T75: =R75*S75 -> 467667.44
L76: Dưa hấu | M76: =VLOOKUP($M$71&$L76,'định lượng suất 25k'!$B:$J,9,0) -> 0.10084034 | N76: =VLOOKUP($M$71&$L76,'định lượng suất 25k'!$B:$K,10,0) -> 1210.084 | P76: =M76*SUM($G$23:$G$24) -> 30.252101 | Q76: 0 | R76: =P76-Q76 -> 30.252101 | S76: =VLOOKUP($M$71&$L76,'định lượng suất 25k'!$B:$H,7,0) -> 12000 | T76: =R76*S76 -> 363025.21
L77: Ổi | M77: =VLOOKUP($M$71&$L77,'định lượng suất 25k'!$B:$J,9,0) -> 0.072289157 | N77: =VLOOKUP($M$71&$L77,'định lượng suất 25k'!$B:$K,10,0) -> 1228.9157 | P77: =M77*SUM($G$23:$G$24) -> 21.686747 | Q77: 0 | R77: =P77-Q77 -> 21.686747 | S77: =VLOOKUP($M$71&$L77,'định lượng suất 25k'!$B:$H,7,0) -> 17000 | T77: =R77*S77 -> 368674.7
L78: Thanh long | M78: =VLOOKUP($M$71&$L78,'định lượng suất 25k'!$B:$J,9,0) -> 0.10835913 | N78: =VLOOKUP($M$71&$L78,'định lượng suất 25k'!$B:$K,10,0) -> 2167.1827 | P78: =M78*SUM($G$23:$G$24) -> 32.50774 | Q78: 0 | R78: =P78-Q78 -> 32.50774 | S78: =VLOOKUP($M$71&$L78,'định lượng suất 25k'!$B:$H,7,0) -> 20000 | T78: =R78*S78 -> 650154.8
L79: Táo

Sheet định lượng suất 25k
A2: Supplier | B2: Sub-column | C2: Loại món | D2: Menu | E2: Món | F2: Nguyên liệu chính | G2: Khối lượng ( kg) | H2: Giá nhập (kg) | I2: Số lượng suất ăn | J2: Định lượng (gram) / khay | K2: Cost/khay | L2: Tổng cost 1 suất
A3: NL tươi sống | B3: =E3&F3 -> Bún mọcNạc đùi mông | C3: Món mặn | D3: Món nước | E3: Bún mọc | F3: Nạc đùi mông | G3: 3.5 | H3: 100000 | I3: 100 | J3: =G3/I3 -> 0.035 | K3: =(G3*H3)/I3 -> 3500 | L3: =SUM(K3:K15) -> 13603
A4: NL tươi sống | B4: =E4&F4 -> Bún mọcChả quết | C4: Món mặn | D4: Món nước | E4: Bún mọc | F4: Chả quết | G4: 1.8 | H4: 120000 | I4: 100 | J4: =G4/I4 -> 0.018 | K4: =(G4*H4)/I4 -> 2160
A5: NL tươi sống | B5: =E5&F5 -> Bún mọcThịt xay | C5: Món mặn | D5: Món nước | E5: Bún mọc | F5: Thịt xay | G5: 1 | H5: 80000 | I5: 100 | J5: =G5/I5 -> 0.01 | K5: =(G5*H5)/I5 -> 800
A6: NL tươi sống | B6: =E6&F6 -> Bún mọcChả heo chín | C6: Món mặn | D6: Món nước | E6: Bún mọc | F6: Chả heo chín | G6: 1.3 | H6: 120000 | I6: 100 | J6: =G6/I6 -> 0.013 | K6: =(G6*H6)/I6 -> 1560
A7: NL Rau | B7: =E7&F7 -> Bún mọcNấm mèo | C7: Món mặn | D7: Món nước | E7: Bún mọc | F7: Nấm mèo | G7: 0.3 | H7: 55000 | I7: 100 | J7: =G7/I7 -> 0.003 | K7: =(G7*H7)/I7 -> 165
A8: NL tươi sống | B8: =E8&F8 -> Bún mọcDa heo | C8: Món mặn | D8: Món nước | E8: Bún mọc | F8: Da heo | G8: 2 | H8: 30000 | I8: 100 | J8: =G8/I8 -> 0.02 | K8: =(G8*H8)/I8 -> 600
A9: NL tươi sống | B9: =E9&F9 -> Bún mọcxương ống | C9: Món mặn | D9: Món nước | E9: Bún mọc | F9: xương ống | G9: 1.5 | H9: 30000 | I9: 100 | J9: =G9/I9 -> 0.015 | K9: =(G9*H9)/I9 -> 450
A10: NL Rau | B10: =E10&F10 -> Bún mọcBún | C10: Món mặn | D10: Món nước | E10: Bún mọc | F10: Bún | G10: 33 | H10: 10000 | I10: 100 | J10: =G10/I10 -> 0.33 | K10: =(G10*H10)/I10 -> 3300
A11: NL Rau | B11: =E11&F11 -> Bún mọcRau quế | C11: Món mặn | D11: Món nước | E11: Bún mọc | F11: Rau quế | G11: 0.3 | H11: 30000 | I11: 100 | J11: =G11/I11 -> 0.003 | K11: =(G11*H11)/I11 -> 90
A12: NL Rau | B12: =E12&F12 -> Bún mọcGiá | C12: Món mặn | D12: Món nước | E12: Bún mọc | F12: Giá | G12: 2.5 | H12: 10000 | I12: 100 | J12: =G12/I12 -> 0.025 | K12: =(G12*H12)/I12 -> 250
A13: NL Rau | B13: =E13&F13 -> Bún mọcHành lá | C13: Món mặn | D13: Món nước | E13: Bún mọc | F13: Hành lá | G13: 0.4 | H13: 20000 | I13: 100 | J13: =G13/I13 -> 0.004 | K13: =(G13*H13)/I13 -> 80
A14: NL Rau | B14: =E14&F14 -> Bún mọcChanh | C14: Món mặn | D14: Món nước | E14: Bún mọc | F14: Chanh | G14: 0.8 | H14: 26000 | I14: 100 | J14: =G14/I14 -> 0.008 | K14: =(G14*H14)/I14 -> 208
A15: NL Rau | B15: =E15&F15 -> Bún mọcXà lách | C15: Món mặn | D15: Món nước | E15: Bún mọc | F15: Xà lách | G15: 2 | H15: 22000 | I15: 100 | J15: =G15/I15 -> 0.02 | K15: =(G15*H15)/I15 -> 440
A16: NL tươi sống | B16: =E16&F16 -> Mỳ Quảng Tôm ThịtHeo đùi mông | C16: Món mặn | D16: Món nước | E16: Mỳ Quảng Tôm Thịt | F16: Heo đùi mông | G16: 4.5 | H16: 100000 | I16: 100 | J16: =G16/I16 -> 0.045 | K16: =(G16*H16)/I16 -> 4500 | L16: =SUM(K16:K27) -> 12238
A17: NL tươi sống | B17: =E17&F17 -> Mỳ Quảng Tôm ThịtTrứng cút lột sẵn | C17: Món mặn | D17: Món nước | E17: Mỳ Quảng Tôm Thịt | F17: Trứng cút lột sẵn | G17: 200 | H17: 600 | I17: 100 | J17: =G17/I17 -> 2 | K17: =(G17*H17)/I17 -> 1200
A18: NL tươi sống | B18: =E18&F18 -> Mỳ Quảng Tôm ThịtTôm | C18: Món mặn | D18: Món nước | E18: Mỳ Quảng Tôm Thịt | F18: Tôm | G18: 1.7 | H18: 100000 | I18: 100 | J18: =G18/I18 -> 0.017 | K18: =(G18*H18)/I18 -> 1700
A19: NL Rau | B19: =E19&F19 -> Mỳ Quảng Tôm ThịtBánh phồng tôm | C19: Món mặn | D19: Món nước | E19: Mỳ Quảng Tôm Thịt | F19: Bánh phồng tôm | G19: 3 | H19: 10000 | I19: 100 | J19: =G19/I19 -> 0.03 | K19: =(G19*H19)/I19 -> 300
A20: NL Rau | B20: =E20&F20 -> Mỳ Quảng Tôm ThịtXà lách | C20: Món mặn | D20: Món nước | E20: Mỳ Quảng Tôm Thịt | F20: Xà lách | G20: 2 | H20: 22000 | I20: 100 | J20: =G20/I20 -> 0.02 | K20: =(G20*H20)/I20 -> 440
A21: NL Rau | B21: =E21&F21 -> Mỳ Quảng Tôm ThịtSu trắng | C21: Món mặn | D21: Món nước | E21: Mỳ Quảng Tôm Thịt | F21: Su trắng | G21: 1 | H21: 10000 | I21: 100 | J21: =G21/I21 -> 0.01 | K21: =(G21*H21)/I21 -> 100
A22: NL Rau | B22: =E22&F22 -> Mỳ Quảng Tôm ThịtGiá | C22: Món mặn | D22: Món nước | E22: Mỳ Quảng Tôm Thịt | F22: Giá | G22: 2.5 | H22: 10000 | I22: 100 | J22: =G22/I22 -> 0.025 | K22: =(G22*H22)/I22 -> 250
A23: NL Rau | B23: =E23&F23 -> Mỳ Quảng Tôm ThịtHành lá | C23: Món mặn | D23: Món nước | E23: Mỳ Quảng Tôm Thịt | F23: Hành lá | G23: 0.4 | H23: 20000 | I23: 100 | J23: =G23/I23 -> 0.004 | K23: =(G23*H23)/I23 -> 80
A24: NL Rau | B24: =E24&F24 -> Mỳ Quảng Tôm ThịtNgò gai | C24: Món mặn | D24: Món nước | E24: Mỳ Quảng Tôm Thịt | F24: Ngò gai | G24: 0.2 | H24: 35000 | I24: 100 | J24: =G24/I24 -> 0.002 | K24: =(G24*H24)/I24 -> 70
A25: NL Rau | B25: =E25&F25 -> Mỳ Quảng Tôm ThịtQuế | C25: Món mặn | D25: Món nước | E25: Mỳ Quảng Tôm Thịt | F25: Quế | G25: 0.3 | H25: 30000 | I25: 100 | J25: =G25/I25 -> 0.003 | K25: =(G25*H25)/I25 -> 90
A26: NL Rau | B26: =E26&F26 -> Mỳ Quảng Tôm ThịtChanh | C26: Món mặn | D26: Món nước | E26: Mỳ Quảng Tôm Thịt | F26: Chanh | G26: 0.8 | H26: 26000 | I26: 100 | J26: =G26/I26 -> 0.008 | K26: =(G26*H26)/I26 -> 208
A27: NL Rau | B27: =E27&F27 -> Mỳ Quảng Tôm ThịtMỳ tươi | C27: Món mặn | D27: Món nước | E27: Mỳ Quảng Tôm Thịt | F27: Mỳ tươi | G27: 33 | H27: 10000 | I27: 100 | J27: =G27/I27 -> 0.33 | K27: =(G27*H27)/I27 -> 3300
A28: NL tươi sống | B28: =E28&F28 -> Mỳ Quảng Tôm Thịtcua đồng | C28: Món mặn | D28: Món nước | E28: Mỳ Quảng Tôm Thịt | F28: cua đồng | G28: 0.5 | H28: 50000 | I28: 100 | J28: =G28/I28 -> 0.005 | K28: =(G28*H28)/I28 -> 250
A29: NL tươi sống | B29: =E29&F29 -> Cá kình kho thơmCá kình | C29: Món mặn | D29: Món chính | E29: Cá kình kho thơm | F29: Cá kình | G29: 12 | H29: 40000 | I29: 100 | J29: =G29/I29 -> 0.12 | K29: =(G29*H29)/I29 -> 4800 | L29: =SUM(K29:K36,#REF!) -> #REF! | M29: Suất cơm DAV
A30: NL Rau | B30: =E30&F30 -> Cá kình kho thơmThơm | C30: Món mặn | D30: Món chính | E30: Cá kình kho thơm | F30: Thơm | G30: 7 | H30: 18000 | I30: 300 | J30: =G30/I30 -> 0.023333333 | K30: =(G30*H30)/I30 -> 420
A31: NL tươi sống | B31: =E31&F31 -> Thịt heo luộc giá chuaThịt đùi mông | C31: Món mặn | D31: Món Phụ | E31: Thịt heo luộc giá chua | F31: Thịt đùi mông | G31: 4.5 | H31: 100000 | I31: 100 | J31: =G31/I31 -> 0.045 | K31: =(G31*H31)/I31 -> 4500
A32: NL Rau | B32: =E32&F32 -> Thịt heo luộc giá chuaHành lá | C32: Món mặn | D32: Món Phụ | E32: Thịt heo luộc giá chua | F32: Hành lá | G32: 0.3 | H32: 18000 | I32: 100 | J32: =G32/I32 -> 0.003 | K32: =(G32*H32)/I32 -> 54
A33: NL Rau | B33: =E33&F33 -> Thịt heo luộc giá chuaGiá | C33: Món mặn | D33: Món Phụ | E33: Thịt heo luộc giá chua | F33: Giá | G33: 4 | H33: 10000 | I33: 100 | J33: =G33/I33 -> 0.04 | K33: =(G33*H33)/I33 -> 400
A34: NL Rau | B34: =E34&F34 -> Thịt heo luộc giá chuaCà rốt | C34: Món mặn | D34: Món Phụ | E34: Thịt heo luộc giá chua | F34: Cà rốt | G34: 1 | H34: 15000 | I34: 100 | J34: =G34/I34 -> 0.01 | K34: =(G34*H34)/I34 -> 150
A35: NL Rau | B35: =E35&F35 -> Rau xào thập cẩmRau thập cẩm | C35: Món mặn | D35: Món rau | E35: Rau xào thập cẩm | F35: Rau thập cẩm | G35: 35 | H35: 16000 | I35: 438 | J35: =G35/I35 -> 0.079908676 | K35: =(G35*H35)/I35 -> 1278.5388
A36: NL Rau | B36: =E36&F36 -> Sữa chuaSữa chua | C36: Món mặn | D36: Tráng miệng | E36: Sữa chua | F36: Sữa chua | G36: 290 | H36: 4620 | I36: 290 | J36: =G36/I36 -> 1 | K36: =(G36*H36)/I36 -> 4620
A37: NL tươi sống | B37: =E37&F37 -> Cá nục kho xì dầuCá nục | C37: Món mặn | D37: Món Chính | E37: Cá nục kho xì dầu | F37: Cá nục | G37: 10 | H37: 43000 | I37: 75 | J37: =G37/I37 -> 0.13333333 | K37: =(G37*H37)/I37 -> 5733.3333 | L37: =SUM(K31:K37,#REF!) -> #REF! | M37: Cơm anv
A38: NL tươi sống | B38: =E38&F38 -> Cá chim kho càCá chim | C38: Món mặn | D38: Món chính | E38: Cá chim kho cà | F38: Cá chim | G38: 23 | H38: 37000 | I38: 134 | J38: =G38/I38 -> 0.17164179 | K38: =(G38*H38)/I38 -> 6350.7463 | L38: =SUM(K36,K38:K45) -> 18183.599 | M38: Suất cơm chiều
A39: NL Rau | B39: =E39&F39 -> Cá chim kho càCà chua | C39: Món mặn | D39: Món chính | E39: Cá chim kho cà | F39: Cà chua | G39: 3 | H39: 20000 | I39: 134 | J39: =G39/I39 -> 0.02238806 | K39: =(G39*H39)/I39 -> 447.76119
A40: NL tươi sống | B40: =E40&F40 -> Tôm thịt rimTôm | C40: Món mặn | D40: Món chính | E40: Tôm thịt rim | F40: Tôm | G40: 2.5 | H40: 115000 | I40: 134 | J40: =G40/I40 -> 0.018656716 | K40: =(G40*H40)/I40 -> 2145.5224
A41: NL tươi sống | B41: =E41&F41 -> Tôm thịt rimThịt nọng | C41: Món mặn | D41: Món chính | E41: Tôm thịt rim | F41: Thịt nọng | G41: 1.5 | H41: 60000 | I41: 134 | J41: =G41/I41 -> 0.01119403 | K41: =(G41*H41)/I41 -> 671.64179
A42: NL tươi sống | B42: =E42&F42 -> Tôm thịt rimNạc vai | C42: Món mặn | D42: Món chính | E42: Tôm thịt rim | F42: Nạc vai | G42: 3.5 | H42: 100000 | I42: 134 | J42: =G42/I42 -> 0.026119403 | K42: =(G42*H42)/I42 -> 2611.9403
A43: NL Rau | B43: =E43&F43 -> Bí đao nấu tômBí đao | C43: Món mặn | D43: Món Canh | E43: Bí đao nấu tôm | F43: Bí đao | G43: 5 | H43: 9000 | I43: 136 | J43: =G43/I43 -> 0.036764706 | K43: =(G43*H43)/I43 -> 330.88235
A44: NL tươi sống | B44: =E44&F44 -> Bí đao nấu tômTôm | C44: Món mặn | D44: Món Canh | E44: Bí đao nấu tôm | F44: Tôm | G44: 0.5 | H44: 115000 | I44: 134 | J44: =G44/I44 -> 0.0037313433 | K44: =(G44*H44)/I44 -> 429.10448
A45: NL Rau | B45: =E45&F45 -> Rau muống xào tỏiRau muống | C45: Món mặn | D45: Món rau | E45: Rau muống xào tỏi | F45: Rau muống | G45: 12 | H45: 6000 | I45: 125 | J45: =G45/I45 -> 0.096 | K45: =(G45*H45)/I45 -> 576
A46: NL tươi sống | B46: =E46&F46 -> Gỏi gà xéMá đùi gà | C46: Món mặn | D46: Món Chính | E46: Gỏi gà xé | F46: Má đùi gà | G46: 8.5 | H46: 40000 | I46: 100 | J46: =G46/I46 -> 0.085 | K46: =(G46*H46)/I46 -> 3400 | L46: =SUM(K46:K52,K55,K56,K57,K58,K59,K60) -> 10069.5 | M46: Cơm trưa DAV
A47: NL Rau | B47: =E47&F47 -> Gỏi gà xéSu tím | C47: Món mặn | D47: Món Chính | E47: Gỏi gà xé | F47: Su tím | G47: 8 | H47: 14000 | I47: 404 | J47: =G47/I47 -> 0.01980198 | K47: =(G47*H47)/I47 -> 277.22772
A48: NL Rau | B48: =E48&F48 -> Gỏi gà xéSu trắng | C48: Món mặn | D48: Món Chính | E48: Gỏi gà xé | F48: Su trắng | G48: 10 | H48: 10000 | I48: 404 | J48: =G48/I48 -> 0.024752475 | K48: =(G48*H48)/I48 -> 247.52475
A49: NL Rau | B49: =E49&F49 -> Gỏi gà xéRau răm | C49: Món mặn | D49: Món Chính | E49: Gỏi gà xé | F49: Rau răm | G49: 1.5 | H49: 20000 | I49: 404 | J49: =G49/I49 -> 0.0037128713 | K49: =(G49*H49)/I49 -> 74.257426
A50: NL Rau | B50: =E50&F50 -> Gỏi gà xéCà Rốt | C50: Món mặn | D50: Món Chính | E50: Gỏi gà xé | F50: Cà Rốt | G50: 10 | H50: 15000 | I50: 404 | J50: =G50/I50 -> 0.024752475 | K50: =(G50*H50)/I50 -> 371.28713
A51: NL Rau | B51: =E51&F51 -> Mướp xào giáMướp | C51: Món mặn | D51: Món rau | E51: Mướp xào giá | F51: Mướp | G51: 32 | H51: 10000 | I51: 433 | J51: =G51/I51 -> 0.073903002 | K51: =(G51*H51)/I51 -> 739.03002
A52: NL Rau | B52: =E52&F52 -> Mướp xào giáGiá | C52: Món mặn | D52: Món rau | E52: Mướp xào giá | F52: Giá | G52: 17 | H52: 10000 | I52: 433 | J52: =G52/I52 -> 0.03926097 | K52: =(G52*H52)/I52 -> 392.6097
A53: NL tươi sống | B53: =E53&F53 -> Chả cá sốt càChả cá | C53: Món mặn | D53: Món phụ | E53: Chả cá sốt cà | F53: Chả cá | G53: 270 | H53: 1000 | I53: 113 | J53: =G53/I53 -> 2.3893805 | K53: =(G53*H53)/I53 -> 2389.3805
A54: NL Rau | B54: =E54&F54 -> Chả cá sốt càCà chua | C54: Món mặn | D54: Món phụ | E54: Chả cá sốt cà | F54: Cà chua | G54: 3 | H54: 20000 | I54: 113 | J54: =G54/I54 -> 0.026548673 | K54: =(G54*H54)/I54 -> 530.97345 | L54: =SUM(K46:K60) -> 12989.854 | M54: Cơm trưa ANV gồm sữa chua
A55: NL Rau | B55: =E55&F55 -> Dưa mónDưa món | C55: Món mặn | D55: Mắm | E55: Dưa món | F55: Dưa món | G55: 3 | H55: 18000 | I55: 100 | J55: =G55/I55 -> 0.03 | K55: =(G55*H55)/I55 -> 540
A56: NL Rau | B56: =E56&F56 -> Canh củ quảKhoai tây | C56: Món mặn | D56: Món canh | E56: Canh củ quả | F56: Khoai tây | G56: 4 | H56: 17000 | I56: 433 | J56: =G56/I56 -> 0.0092378753 | K56: =(G56*H56)/I56 -> 157.04388
A57: NL Rau | B57: =E57&F57 -> Canh củ quảCà rốt | C57: Món mặn | D57: Món canh | E57: Canh củ quả | F57: Cà rốt | G57: 5.5 | H57: 15000 | I57: 433 | J57: =G57/I57 -> 0.012702079 | K57: =(G57*H57)/I57 -> 190.53118
A58: NL tươi sống | B58: =E58&F58 -> Canh củ quảThịt xay | C58: Món mặn | D58: Món canh | E58: Canh củ quả | F58: Thịt xay | G58: 1 | H58: 80000 | I58: 404 | J58: =G58/I58 -> 0.0024752475 | K58: =(G58*H58)/I58 -> 198.0198
A59: NL Rau | B59: =E59&F59 -> Trái câyChuối | C59: Món mặn | D59: Tráng miệng | E59: Trái cây | F59: Chuối | G59: 450 | H59: 1500 | I59: 433 | J59: =G59/I59 -> 1.039261 | K59: =(G59*H59)/I59 -> 1558.8915
A60: NL Rau | B60: =E60&F60 -> CơmGạo | C60: Món mặn | D60: Cơm | E60: Cơm | F60: Gạo | G60: 10 | H60: 12500 | I60: 65 | J60: =G60/I60 -> 0.15384615 | K60: =(G60*H60)/I60 -> 1923.0769
A61: NL tươi sống | B61: =E61&F61 -> Cá phèn khoCá phèn | C61: Món mặn | D61: Món Chính | E61: Cá phèn kho | F61: Cá phèn | G61: 4.2 | H61: 37000 | I61: 36 | J61: =G61/I61 -> 0.11666667 | K61: =(G61*H61)/I61 -> 4316.6667 | L61: =SUM(K61:K66,#REF!) -> #REF! | M61: Cơm chiều ANV gồm sữa chua
A62: NL tươi sống | B62: =E62&F62 -> Thịt heo kho sả ruốcThịt heo nọng nạc | C62: Món mặn | D62: Món Chính | E62: Thịt heo kho sả ruốc | F62: Thịt heo nọng nạc | G62: 5.5 | H62: 70000 | I62: 100 | J62: =G62/I62 -> 0.055 | K62: =(G62*H62)/I62 -> 3850
A63: NL tươi sống | B63: =E63&F63 -> Thịt heo kho sả ruốcSả | C63: Món mặn | D63: Món Chính | E63: Thịt heo kho sả ruốc | F63: Sả | G63: 1 | H63: 10000 | I63: 100 | J63: =G63/I63 -> 0.01 | K63: =(G63*H63)/I63 -> 100
A64: NL tươi sống | B64: =E64&F64 -> Thịt heo kho sả ruốcMắm ruốc | C64: Món mặn | D64: Món Chính | E64: Thịt heo kho sả ruốc | F64: Mắm ruốc | G64: 0.5 | H64: 40000 | I64: 100 | J64: =G64/I64 -> 0.005 | K64: =(G64*H64)/I64 -> 200
A65: NL tươi sống | B65: =E65&F65 -> Canh cải ngọt thịt bằmThịt xay | C65: Món mặn | D65: Món canh | E65: Canh cải ngọt thịt bằm | F65: Thịt xay | G65: 0.3 | H65: 80000 | I65: 100 | J65: =G65/I65 -> 0.003 | K65: =(G65*H65)/I65 -> 240
A66: NL Rau | B66: =E66&F66 -> Canh cải ngọt thịt bằmCải ngọt | C66: Món mặn | D66: Món canh | E66: Canh cải ngọt thịt bằm | F66: Cải ngọt | G66: 3.5 | H66: 8000 | I66: 100 | J66: =G66/I66 -> 0.035 | K66: =(G66*H66)/I66 -> 280 | L66: =SUM(K67:K69,#REF!) -> #REF! | M66: Cơm chiều DAV
A67: NL Rau | B67: =E67&F67 -> cốt lết nướngCốt lết | C67: Món mặn | D67: Món chính | E67: cốt lết nướng | F67: Cốt lết | G67: 11 | H67: 100000 | I67: 100 | J67: =G67/I67 -> 0.11 | K67: =(G67*H67)/I67 -> 11000
A68: NL Rau | B68: =E68&F68 -> cốt lết nướngsả | C68: Món mặn | D68: Món chính | E68: cốt lết nướng | F68: sả | G68: 0.7 | H68: 30000 | I68: 100 | J68: =G68/I68 -> 0.007 | K68: =(G68*H68)/I68 -> 210
A69: NL tươi sống | B69: =E69&F69 -> trứng ốp laTrứng gà | C69: Món mặn | D69: Món chính | E69: trứng ốp la | F69: Trứng gà | G69: 100 | H69: 2000 | I69: 100 | J69: =G69/I69 -> 1 | K69: =(G69*H69)/I69 -> 2000 | P69: Miến dong rẻ | Q69: 1 | R69: làm chung vcv và wendler ~35s
A70: NL tươi sống | B70: =E70&F70 -> Cá basa kho nghệCá basa | C70: Món mặn | D70: Món chính | E70: Cá basa kho nghệ | F70: Cá basa | G70: 37 | H70: 35000 | I70: 300 | J70: =G70/I70 -> 0.12333333 | K70: =(G70*H70)/I70 -> 4316.6667 | Q70: 1
A71: NL tươi sống | B71: =E71&F71 -> Gỏi tai heoTai mui heo | C71: Món mặn | D71: Món phụ | E71: Gỏi tai heo | F71: Tai mui heo | G71: 4 | H71: 70000 | I71: 100 | J71: =G71/I71 -> 0.04 | K71: =(G71*H71)/I71 -> 2800 | Q71: 0.5
A72: NL Rau | B72: =E72&F72 -> Gỏi tai heoSu tím | C72: Món mặn | D72: Món phụ | E72: Gỏi tai heo | F72: Su tím | G72: 2 | H72: 14000 | I72: 100 | J72: =G72/I72 -> 0.02 | K72: =(G72*H72)/I72 -> 280 | O72: NCC chay | Q72: 0.5
A73: NL Rau | B73: =E73&F73 -> Gỏi tai heoSu trắng | C73: Món mặn | D73: Món phụ | E73: Gỏi tai heo | F73: Su trắng | G73: 2 | H73: 10000 | I73: 100 | J73: =G73/I73 -> 0.02 | K73: =(G73*H73)/I73 -> 200 | O73: NCC chay | P73: Đậu khuôn chiên lát nhỏ | Q73: 15 | R73: cắt sợi
A74: NL Rau | B74: =E74&F74 -> Gỏi tai heoCà rốt | C74: Món mặn | D74: Món phụ | E74: Gỏi tai heo | F74: Cà rốt | G74: 1 | H74: 15000 | I74: 100 | J74: =G74/I74 -> 0.01 | K74: =(G74*H74)/I74 -> 150 | R74: lấy tồn
A75: NL Rau | B75: =E75&F75 -> Gỏi tai heoRau quế | C75: Món mặn | D75: Món phụ | E75: Gỏi tai heo | F75: Rau quế | G75: 0.3 | H75: 30000 | I75: 100 | J75: =G75/I75 -> 0.003 | K75: =(G75*H75)/I75 -> 90
A76: NL Rau | B76: =E76&F76 -> Bầu xào giáGiá | C76: Món mặn | D76: Món rau | E76: Bầu xào giá | F76: Giá | G76: 13 | H76: 10000 | I76: 323 | J76: =G76/I76 -> 0.040247678 | K76: =(G76*H76)/I76 -> 402.47678
A77: NL Rau | B77: =E77&F77 -> Bầu xào giáBầu | C77: Món mặn | D77: Món rau | E77: Bầu xào giá | F77: Bầu | G77: 15 | H77: 11000 | I77: 323 | J77: =G77/I77 -> 0.046439628 | K77: =(G77*H77)/I77 -> 510.83591
A78: NL Rau | B78: =E78&F78 -> Bồ ngốt nấu tômBồ ngót | C78: Món mặn | D78: Món canh | E78: Bồ ngốt nấu tôm | F78: Bồ ngót | G78: 10 | H78: 12000 | I78: 323 | J78: =G78/I78 -> 0.030959752 | K78: =(G78*H78)/I78 -> 371.51703
A79: NL tươi sống | B79: =E79&F79 -> Bồ ngốt nấu tômTôm | C79: Món mặn | D79: Món canh | E79: Bồ ngốt nấu tôm | F79: Tôm | G79: 1.5 | H79: 115000 | I79: 500 | J79: =G79/I79 -> 0.003 | K79: =(G79*H79)/I79 -> 345
A80: NL Rau | B80: =E80&F80 -> Trái câyThanh long | C80: Món mặn | D80: Tráng miệng | E80: Trái cây | F80: Thanh long | G80: 35 | H80: 20000 | I80: 323 | J80: =G80/I80 -> 0.10835913 | K80: =(G80*H80)/I80 -> 2167.1827 | L80: =SUM(K70:K81) -> 15758.679 | M80: Cơm trưa ANV gồm sữa chua
A81: NL Rau | B81: =E81&F81 -> Sữa chuaSữa chua | C81: Món mặn | D81: Sữa chua | E81: Sữa chua | F81: Sữa chua | G81: 91 | H81: 4125 | I81: 91 | J81: =G81/I81 -> 1 | K81: =(G81*H81)/I81 -> 4125 | L81: =SUM(K82:K90) -> 10793.402
A82: NL tươi sống | B82: =E82&F82 -> Phở gàMá đùi gà | C82: Món mặn | D82: Món nước | E82: Phở gà | F82: Má đùi gà | G82: 14 | H82: 40000 | I82: 100 | J82: =G82/I82 -> 0.14 | K82: =(G82*H82)/I82 -> 5600
A83: NL Rau | B83: =E83&F83 -> Phở gàPhở | C83: Món mặn | D83: Món nước | E83: Phở gà | F83: Phở | G83: 33 | H83: 12000 | I83: 100 | J83: =G83/I83 -> 0.33 | K83: =(G83*H83)/I83 -> 3960
A84: NL Rau | B84: =E84&F84 -> Phở gàHành tây | C84: Món mặn | D84: Món nước | E84: Phở gà | F84: Hành tây | G84: 1.2 | H84: 15000 | I84: 100 | J84: =G84/I84 -> 0.012 | K84: =(G84*H84)/I84 -> 180
A85: NL Rau | B85: =E85&F85 -> Phở gàHành lá | C85: Món mặn | D85: Món nước | E85: Phở gà | F85: Hành lá | G85: 0.4 | H85: 20000 | I85: 100 | J85: =G85/I85 -> 0.004 | K85: =(G85*H85)/I85 -> 80 | M85: Cơm trưa DAV
A86: NL Rau | B86: =E86&F86 -> Phở gàChanh | C86: Món mặn | D86: Món nước | E86: Phở gà | F86: Chanh | G86: 0.8 | H86: 26000 | I86: 100 | J86: =G86/I86 -> 0.008 | K86: =(G86*H86)/I86 -> 208
A87: NL Rau | B87: =E87&F87 -> Phở gàNgò gai | C87: Món mặn | D87: Món nước | E87: Phở gà | F87: Ngò gai | G87: 0.3 | H87: 35000 | I87: 100 | J87: =G87/I87 -> 0.003 | K87: =(G87*H87)/I87 -> 105
A88: NL Rau | B88: =E88&F88 -> Phở gàRau quế | C88: Món mặn | D88: Món nước | E88: Phở gà | F88: Rau quế | G88: 0.4 | H88: 30000 | I88: 100 | J88: =G88/I88 -> 0.004 | K88: =(G88*H88)/I88 -> 120
A89: NL Rau | B89: =E89&F89 -> Phở gàXà lách | C89: Món mặn | D89: Món nước | E89: Phở gà | F89: Xà lách | G89: 2 | H89: 22000 | I89: 100 | J89: =G89/I89 -> 0.02 | K89: =(G89*H89)/I89 -> 440
A90: NL Rau | B90: =E90&F90 -> Phở gàGiá | C90: Món mặn | D90: Món nước | E90: Phở gà | F90: Giá | G90: 2.5 | H90: 10000 | I90: 249 | J90: =G90/I90 -> 0.010040161 | K90: =(G90*H90)/I90 -> 100.40161
A91: NL tươi sống | B91: =E91&F91 -> Cá đù khoCá đù | C91: Món mặn | D91: Món chính | E91: Cá đù kho | F91: Cá đù | G91: 12 | H91: 45000 | I91: 100 | J91: =G91/I91 -> 0.12 | K91: =(G91*H91)/I91 -> 5400
A92: NL tươi sống | B92: =E92&F92 -> Heo xíu xào giáHeo đùi mông | C92: Món mặn | D92: Món phụ | E92: Heo xíu xào giá | F92: Heo đùi mông | G92: 3.5 | H92: 100000 | I92: 100 | J92: =G92/I92 -> 0.035 | K92: =(G92*H92)/I92 -> 3500
A93: NL Rau | B93: =E93&F93 -> Heo xíu xào giáGiá | C93: Món mặn | D93: Món phụ | E93: Heo xíu xào giá | F93: Giá | G93: 6 | H93: 10000 | I93: 100 | J93: =G93/I93 -> 0.06 | K93: =(G93*H93)/I93 -> 600
A94: NL Rau | B94: =E94&F94 -> Củ quả luộcCà rốt | C94: Món mặn | D94: Món rau | E94: Củ quả luộc | F94: Cà rốt | G94: 3 | H94: 15000 | I94: 119 | J94: =G94/I94 -> 0.025210084 | K94: =(G94*H94)/I94 -> 378.15126 | M94: Cơm trưa AMANN
A95: NL Rau | B95: =E95&F95 -> Củ quả luộcKhoai tây | C95: Món mặn | D95: Món rau | E95: Củ quả luộc | F95: Khoai tây | G95: 3 | H95: 17000 | I95: 119 | J95: =G95/I95 -> 0.025210084 | K95: =(G95*H95)/I95 -> 428.57143
A96: NL Rau | B96: =E96&F96 -> Củ quả luộcĐậu bắp | C96: Món mặn | D96: Món rau | E96: Củ quả luộc | F96: Đậu bắp | G96: 3.5 | H96: 12000 | I96: 119 | J96: =G96/I96 -> 0.029411765 | K96: =(G96*H96)/I96 -> 352.94118
A97: NL Rau | B97: =E97&F97 -> Bí đao nấu tômBí đao | C97: Món mặn | D97: Món Canh | E97: Bí đao nấu tôm | F97: Bí đao | G97: 4.5 | H97: 10000 | I97: 119 | J97: =G97/I97 -> 0.037815126 | K97: =(G97*H97)/I97 -> 378.15126
A98: NL tươi sống | B98: =E98&F98 -> Bí đao nấu tômTôm | C98: Món mặn | D98: Món Canh | E98: Bí đao nấu tôm | F98: Tôm | G98: 0.5 | H98: 110000 | I98: 119 | J98: =G98/I98 -> 0.0042016807 | K98: =(G98*H98)/I98 -> 462.18487
A99: NL Rau | B99: =E99&F99 -> Trái câyDưa hấu | C99: Món mặn | D99: Tráng miệng | E99: Trái cây | F99: Dưa hấu | G99: 12 | H99: 12000 | I99: 119 | J99: =G99/I99 -> 0.10084034 | K99: =(G99*H99)/I99 -> 1210.084
A100: NL Rau | B100: =E100&F100 -> Sữa chuaSữa chua | C100: Món mặn | D100: Sữa chua | E100: Sữa chua | F100: Sữa chua | G100: 119 | H100: 4375 | I100: 119 | J100: =G100/I100 -> 1 | K100: =(G100*H100)/I100 -> 4375
A101: NL tươi sống | B101: =E101&F101 -> Cá hố khoCá hố | C101: Món mặn | D101: Món chính | E101: Cá hố kho | F101: Cá hố | G101: 40 | H101: 60000 | I101: 325 | J101: =G101/I101 -> 0.12307692 | K101: =(G101*H101)/I101 -> 7384.6154
...

Sheet định lượng suất 30k
A2: Supplier | B2: Sub-column | C2: Loại món | D2: Menu | E2: Món | F2: Nguyên liệu chính | G2: Khối lượng ( kg) | H2: Giá nhập (kg) | I2: Số lượng suất ăn | J2: Định lượng (gram) / khay | K2: Cost/khay | L2: Tổng cost 1 suất
A3: NL tươi sống | B3: =E3&F3 -> Bún mọcNạc đùi mông | C3: Món mặn | D3: Món nước | E3: Bún mọc | F3: Nạc đùi mông | G3: 4.2 | H3: 100000 | I3: 100 | J3: =G3/I3 -> 0.042 | K3: =(G3*H3)/I3 -> 4200 | L3: =SUM(K3:K15) -> 14943
A4: NL tươi sống | B4: =E4&F4 -> Bún mọcChả quết | C4: Món mặn | D4: Món nước | E4: Bún mọc | F4: Chả quết | G4: 2.2 | H4: 120000 | I4: 100 | J4: =G4/I4 -> 0.022 | K4: =(G4*H4)/I4 -> 2640
A5: NL tươi sống | B5: =E5&F5 -> Bún mọcThịt xay | C5: Món mặn | D5: Món nước | E5: Bún mọc | F5: Thịt xay | G5: 1.2 | H5: 80000 | I5: 100 | J5: =G5/I5 -> 0.012 | K5: =(G5*H5)/I5 -> 960
A6: NL tươi sống | B6: =E6&F6 -> Bún mọcChả heo chín | C6: Món mặn | D6: Món nước | E6: Bún mọc | F6: Chả heo chín | G6: 1.3 | H6: 120000 | I6: 100 | J6: =G6/I6 -> 0.013 | K6: =(G6*H6)/I6 -> 1560
A7: NL Rau | B7: =E7&F7 -> Bún mọcNấm mèo | C7: Món mặn | D7: Món nước | E7: Bún mọc | F7: Nấm mèo | G7: 0.3 | H7: 55000 | I7: 100 | J7: =G7/I7 -> 0.003 | K7: =(G7*H7)/I7 -> 165
A8: NL tươi sống | B8: =E8&F8 -> Bún mọcDa heo | C8: Món mặn | D8: Món nước | E8: Bún mọc | F8: Da heo | G8: 2 | H8: 30000 | I8: 100 | J8: =G8/I8 -> 0.02 | K8: =(G8*H8)/I8 -> 600
A9: NL tươi sống | B9: =E9&F9 -> Bún mọcxương ống | C9: Món mặn | D9: Món nước | E9: Bún mọc | F9: xương ống | G9: 1.5 | H9: 30000 | I9: 100 | J9: =G9/I9 -> 0.015 | K9: =(G9*H9)/I9 -> 450
A10: NL Rau | B10: =E10&F10 -> Bún mọcBún | C10: Món mặn | D10: Món nước | E10: Bún mọc | F10: Bún | G10: 33 | H10: 10000 | I10: 100 | J10: =G10/I10 -> 0.33 | K10: =(G10*H10)/I10 -> 3300
A11: NL Rau | B11: =E11&F11 -> Bún mọcRau quế | C11: Món mặn | D11: Món nước | E11: Bún mọc | F11: Rau quế | G11: 0.3 | H11: 30000 | I11: 100 | J11: =G11/I11 -> 0.003 | K11: =(G11*H11)/I11 -> 90
A12: NL Rau | B12: =E12&F12 -> Bún mọcGiá | C12: Món mặn | D12: Món nước | E12: Bún mọc | F12: Giá | G12: 2.5 | H12: 10000 | I12: 100 | J12: =G12/I12 -> 0.025 | K12: =(G12*H12)/I12 -> 250
A13: NL Rau | B13: =E13&F13 -> Bún mọcHành lá | C13: Món mặn | D13: Món nước | E13: Bún mọc | F13: Hành lá | G13: 0.4 | H13: 20000 | I13: 100 | J13: =G13/I13 -> 0.004 | K13: =(G13*H13)/I13 -> 80
A14: NL Rau | B14: =E14&F14 -> Bún mọcChanh | C14: Món mặn | D14: Món nước | E14: Bún mọc | F14: Chanh | G14: 0.8 | H14: 26000 | I14: 100 | J14: =G14/I14 -> 0.008 | K14: =(G14*H14)/I14 -> 208
A15: NL Rau | B15: =E15&F15 -> Bún mọcXà lách | C15: Món mặn | D15: Món nước | E15: Bún mọc | F15: Xà lách | G15: 2 | H15: 22000 | I15: 100 | J15: =G15/I15 -> 0.02 | K15: =(G15*H15)/I15 -> 440
A16: NL tươi sống | B16: =E16&F16 -> Mỳ Quảng Tôm ThịtHeo đùi mông | C16: Món mặn | D16: Món nước | E16: Mỳ Quảng Tôm Thịt | F16: Heo đùi mông | G16: 5.5 | H16: 100000 | I16: 100 | J16: =G16/I16 -> 0.055 | K16: =(G16*H16)/I16 -> 5500 | L16: =SUM(K16:K27) -> 14638
A17: NL tươi sống | B17: =E17&F17 -> Mỳ Quảng Tôm ThịtTrứng cút lột sẵn | C17: Món mặn | D17: Món nước | E17: Mỳ Quảng Tôm Thịt | F17: Trứng cút lột sẵn | G17: 300 | H17: 600 | I17: 100 | J17: =G17/I17 -> 3 | K17: =(G17*H17)/I17 -> 1800
A18: NL tươi sống | B18: =E18&F18 -> Mỳ Quảng Tôm ThịtTôm | C18: Món mặn | D18: Món nước | E18: Mỳ Quảng Tôm Thịt | F18: Tôm | G18: 2.5 | H18: 100000 | I18: 100 | J18: =G18/I18 -> 0.025 | K18: =(G18*H18)/I18 -> 2500
A19: NL Rau | B19: =E19&F19 -> Mỳ Quảng Tôm ThịtBánh phồng tôm | C19: Món mặn | D19: Món nước | E19: Mỳ Quảng Tôm Thịt | F19: Bánh phồng tôm | G19: 3 | H19: 10000 | I19: 100 | J19: =G19/I19 -> 0.03 | K19: =(G19*H19)/I19 -> 300
A20: NL Rau | B20: =E20&F20 -> Mỳ Quảng Tôm ThịtXà lách | C20: Món mặn | D20: Món nước | E20: Mỳ Quảng Tôm Thịt | F20: Xà lách | G20: 2 | H20: 22000 | I20: 100 | J20: =G20/I20 -> 0.02 | K20: =(G20*H20)/I20 -> 440
A21: NL Rau | B21: =E21&F21 -> Mỳ Quảng Tôm ThịtSu trắng | C21: Món mặn | D21: Món nước | E21: Mỳ Quảng Tôm Thịt | F21: Su trắng | G21: 1 | H21: 10000 | I21: 100 | J21: =G21/I21 -> 0.01 | K21: =(G21*H21)/I21 -> 100
A22: NL Rau | B22: =E22&F22 -> Mỳ Quảng Tôm ThịtGiá | C22: Món mặn | D22: Món nước | E22: Mỳ Quảng Tôm Thịt | F22: Giá | G22: 2.5 | H22: 10000 | I22: 100 | J22: =G22/I22 -> 0.025 | K22: =(G22*H22)/I22 -> 250
A23: NL Rau | B23: =E23&F23 -> Mỳ Quảng Tôm ThịtHành lá | C23: Món mặn | D23: Món nước | E23: Mỳ Quảng Tôm Thịt | F23: Hành lá | G23: 0.4 | H23: 20000 | I23: 100 | J23: =G23/I23 -> 0.004 | K23: =(G23*H23)/I23 -> 80
A24: NL Rau | B24: =E24&F24 -> Mỳ Quảng Tôm ThịtNgò gai | C24: Món mặn | D24: Món nước | E24: Mỳ Quảng Tôm Thịt | F24: Ngò gai | G24: 0.2 | H24: 35000 | I24: 100 | J24: =G24/I24 -> 0.002 | K24: =(G24*H24)/I24 -> 70
A25: NL Rau | B25: =E25&F25 -> Mỳ Quảng Tôm ThịtQuế | C25: Món mặn | D25: Món nước | E25: Mỳ Quảng Tôm Thịt | F25: Quế | G25: 0.3 | H25: 30000 | I25: 100 | J25: =G25/I25 -> 0.003 | K25: =(G25*H25)/I25 -> 90
A26: NL Rau | B26: =E26&F26 -> Mỳ Quảng Tôm ThịtChanh | C26: Món mặn | D26: Món nước | E26: Mỳ Quảng Tôm Thịt | F26: Chanh | G26: 0.8 | H26: 26000 | I26: 100 | J26: =G26/I26 -> 0.008 | K26: =(G26*H26)/I26 -> 208
A27: NL Rau | B27: =E27&F27 -> Mỳ Quảng Tôm ThịtMỳ tươi | C27: Món mặn | D27: Món nước | E27: Mỳ Quảng Tôm Thịt | F27: Mỳ tươi | G27: 33 | H27: 10000 | I27: 100 | J27: =G27/I27 -> 0.33 | K27: =(G27*H27)/I27 -> 3300
A28: NL tươi sống | B28: =E28&F28 -> Mỳ Quảng Tôm Thịtcua đồng | C28: Món mặn | D28: Món nước | E28: Mỳ Quảng Tôm Thịt | F28: cua đồng | G28: 0.5 | H28: 50000 | I28: 100 | J28: =G28/I28 -> 0.005 | K28: =(G28*H28)/I28 -> 250
A29: NL tươi sống | B29: =E29&F29 -> Cá kình kho thơmCá kình | C29: Món mặn | D29: Món chính | E29: Cá kình kho thơm | F29: Cá kình | G29: 12 | H29: 40000 | I29: 100 | J29: =G29/I29 -> 0.12 | K29: =(G29*H29)/I29 -> 4800 | L29: =SUM(K29:K36,#REF!) -> #REF! | M29: Suất cơm DAV
A30: NL Rau | B30: =E30&F30 -> Cá kình kho thơmThơm | C30: Món mặn | D30: Món chính | E30: Cá kình kho thơm | F30: Thơm | G30: 7 | H30: 18000 | I30: 300 | J30: =G30/I30 -> 0.023333333 | K30: =(G30*H30)/I30 -> 420 | O30: =G30*1.1 -> 7.7
A31: NL tươi sống | B31: =E31&F31 -> Thịt heo luộc giá chuaThịt đùi mông | C31: Món mặn | D31: Món Phụ | E31: Thịt heo luộc giá chua | F31: Thịt đùi mông | G31: 4.5 | H31: 100000 | I31: 100 | J31: =G31/I31 -> 0.045 | K31: =(G31*H31)/I31 -> 4500
A32: NL Rau | B32: =E32&F32 -> Thịt heo luộc giá chuaHành lá | C32: Món mặn | D32: Món Phụ | E32: Thịt heo luộc giá chua | F32: Hành lá | G32: 0.3 | H32: 18000 | I32: 100 | J32: =G32/I32 -> 0.003 | K32: =(G32*H32)/I32 -> 54
A33: NL Rau | B33: =E33&F33 -> Thịt heo luộc giá chuaGiá | C33: Món mặn | D33: Món Phụ | E33: Thịt heo luộc giá chua | F33: Giá | G33: 4 | H33: 10000 | I33: 100 | J33: =G33/I33 -> 0.04 | K33: =(G33*H33)/I33 -> 400
A34: NL Rau | B34: =E34&F34 -> Thịt heo luộc giá chuaCà rốt | C34: Món mặn | D34: Món Phụ | E34: Thịt heo luộc giá chua | F34: Cà rốt | G34: 1 | H34: 15000 | I34: 100 | J34: =G34/I34 -> 0.01 | K34: =(G34*H34)/I34 -> 150
A35: NL Rau | B35: =E35&F35 -> Rau xào thập cẩmRau thập cẩm | C35: Món mặn | D35: Món rau | E35: Rau xào thập cẩm | F35: Rau thập cẩm | G35: 35 | H35: 16000 | I35: 438 | J35: =G35/I35 -> 0.079908676 | K35: =(G35*H35)/I35 -> 1278.5388
A36: NL Rau | B36: =E36&F36 -> Sữa chuaSữa chua | C36: Món mặn | D36: Tráng miệng | E36: Sữa chua | F36: Sữa chua | G36: 290 | H36: 4620 | I36: 290 | J36: =G36/I36 -> 1 | K36: =(G36*H36)/I36 -> 4620
A37: NL tươi sống | B37: =E37&F37 -> Cá nục kho xì dầuCá nục | C37: Món mặn | D37: Món Chính | E37: Cá nục kho xì dầu | F37: Cá nục | G37: 10 | H37: 43000 | I37: 75 | J37: =G37/I37 -> 0.13333333 | K37: =(G37*H37)/I37 -> 5733.3333 | L37: =SUM(K31:K37,#REF!) -> #REF! | M37: Cơm anv
A38: NL tươi sống | B38: =E38&F38 -> Cá chim kho càCá chim | C38: Món mặn | D38: Món chính | E38: Cá chim kho cà | F38: Cá chim | G38: 23 | H38: 37000 | I38: 134 | J38: =G38/I38 -> 0.17164179 | K38: =(G38*H38)/I38 -> 6350.7463 | L38: =SUM(K36,K38:K45) -> 18183.599 | M38: Suất cơm chiều
A39: NL Rau | B39: =E39&F39 -> Cá chim kho càCà chua | C39: Món mặn | D39: Món chính | E39: Cá chim kho cà | F39: Cà chua | G39: 3 | H39: 20000 | I39: 134 | J39: =G39/I39 -> 0.02238806 | K39: =(G39*H39)/I39 -> 447.76119 | O39: =G39*1.1 -> 3.3
A40: NL tươi sống | B40: =E40&F40 -> Tôm thịt rimTôm | C40: Món mặn | D40: Món chính | E40: Tôm thịt rim | F40: Tôm | G40: 2.5 | H40: 115000 | I40: 134 | J40: =G40/I40 -> 0.018656716 | K40: =(G40*H40)/I40 -> 2145.5224
A41: NL tươi sống | B41: =E41&F41 -> Tôm thịt rimThịt nọng | C41: Món mặn | D41: Món chính | E41: Tôm thịt rim | F41: Thịt nọng | G41: 1.5 | H41: 60000 | I41: 134 | J41: =G41/I41 -> 0.01119403 | K41: =(G41*H41)/I41 -> 671.64179
A42: NL tươi sống | B42: =E42&F42 -> Tôm thịt rimNạc vai | C42: Món mặn | D42: Món chính | E42: Tôm thịt rim | F42: Nạc vai | G42: 3.5 | H42: 100000 | I42: 134 | J42: =G42/I42 -> 0.026119403 | K42: =(G42*H42)/I42 -> 2611.9403
A43: NL Rau | B43: =E43&F43 -> Bí đao nấu tômBí đao | C43: Món mặn | D43: Món Canh | E43: Bí đao nấu tôm | F43: Bí đao | G43: 5 | H43: 9000 | I43: 136 | J43: =G43/I43 -> 0.036764706 | K43: =(G43*H43)/I43 -> 330.88235
A44: NL tươi sống | B44: =E44&F44 -> Bí đao nấu tômTôm | C44: Món mặn | D44: Món Canh | E44: Bí đao nấu tôm | F44: Tôm | G44: 0.5 | H44: 115000 | I44: 134 | J44: =G44/I44 -> 0.0037313433 | K44: =(G44*H44)/I44 -> 429.10448
A45: NL Rau | B45: =E45&F45 -> Rau muống xào tỏiRau muống | C45: Món mặn | D45: Món rau | E45: Rau muống xào tỏi | F45: Rau muống | G45: 12 | H45: 6000 | I45: 125 | J45: =G45/I45 -> 0.096 | K45: =(G45*H45)/I45 -> 576
A46: NL tươi sống | B46: =E46&F46 -> Gỏi gà xéMá đùi gà | C46: Món mặn | D46: Món Chính | E46: Gỏi gà xé | F46: Má đùi gà | G46: 8.5 | H46: 40000 | I46: 100 | J46: =G46/I46 -> 0.085 | K46: =(G46*H46)/I46 -> 3400 | L46: =SUM(K46:K52,K55,K56,K57,K58,K59,K60) -> 10069.5 | M46: Cơm trưa DAV
A47: NL Rau | B47: =E47&F47 -> Gỏi gà xéSu tím | C47: Món mặn | D47: Món Chính | E47: Gỏi gà xé | F47: Su tím | G47: 8 | H47: 14000 | I47: 404 | J47: =G47/I47 -> 0.01980198 | K47: =(G47*H47)/I47 -> 277.22772 | O47: =G47*1.1 -> 8.8
A48: NL Rau | B48: =E48&F48 -> Gỏi gà xéSu trắng | C48: Món mặn | D48: Món Chính | E48: Gỏi gà xé | F48: Su trắng | G48: 10 | H48: 10000 | I48: 404 | J48: =G48/I48 -> 0.024752475 | K48: =(G48*H48)/I48 -> 247.52475 | O48: =G48*1.1 -> 11
A49: NL Rau | B49: =E49&F49 -> Gỏi gà xéRau răm | C49: Món mặn | D49: Món Chính | E49: Gỏi gà xé | F49: Rau răm | G49: 1.5 | H49: 20000 | I49: 404 | J49: =G49/I49 -> 0.0037128713 | K49: =(G49*H49)/I49 -> 74.257426 | O49: =G49*1.1 -> 1.65
A50: NL Rau | B50: =E50&F50 -> Gỏi gà xéCà Rốt | C50: Món mặn | D50: Món Chính | E50: Gỏi gà xé | F50: Cà Rốt | G50: 10 | H50: 15000 | I50: 404 | J50: =G50/I50 -> 0.024752475 | K50: =(G50*H50)/I50 -> 371.28713 | O50: =G50*1.1 -> 11
A51: NL Rau | B51: =E51&F51 -> Mướp xào giáMướp | C51: Món mặn | D51: Món rau | E51: Mướp xào giá | F51: Mướp | G51: 32 | H51: 10000 | I51: 433 | J51: =G51/I51 -> 0.073903002 | K51: =(G51*H51)/I51 -> 739.03002
A52: NL Rau | B52: =E52&F52 -> Mướp xào giáGiá | C52: Món mặn | D52: Món rau | E52: Mướp xào giá | F52: Giá | G52: 17 | H52: 10000 | I52: 433 | J52: =G52/I52 -> 0.03926097 | K52: =(G52*H52)/I52 -> 392.6097
A53: NL tươi sống | B53: =E53&F53 -> Chả cá sốt càChả cá | C53: Món mặn | D53: Món phụ | E53: Chả cá sốt cà | F53: Chả cá | G53: 270 | H53: 1000 | I53: 113 | J53: =G53/I53 -> 2.3893805 | K53: =(G53*H53)/I53 -> 2389.3805
A54: NL Rau | B54: =E54&F54 -> Chả cá sốt càCà chua | C54: Món mặn | D54: Món phụ | E54: Chả cá sốt cà | F54: Cà chua | G54: 3 | H54: 20000 | I54: 113 | J54: =G54/I54 -> 0.026548673 | K54: =(G54*H54)/I54 -> 530.97345 | L54: =SUM(K46:K60) -> 12989.854 | M54: Cơm trưa ANV gồm sữa chua
A55: NL Rau | B55: =E55&F55 -> Dưa mónDưa món | C55: Món mặn | D55: Mắm | E55: Dưa món | F55: Dưa món | G55: 3 | H55: 18000 | I55: 100 | J55: =G55/I55 -> 0.03 | K55: =(G55*H55)/I55 -> 540
A56: NL Rau | B56: =E56&F56 -> Canh củ quảKhoai tây | C56: Món mặn | D56: Món canh | E56: Canh củ quả | F56: Khoai tây | G56: 4 | H56: 17000 | I56: 433 | J56: =G56/I56 -> 0.0092378753 | K56: =(G56*H56)/I56 -> 157.04388
A57: NL Rau | B57: =E57&F57 -> Canh củ quảCà rốt | C57: Món mặn | D57: Món canh | E57: Canh củ quả | F57: Cà rốt | G57: 5.5 | H57: 15000 | I57: 433 | J57: =G57/I57 -> 0.012702079 | K57: =(G57*H57)/I57 -> 190.53118
A58: NL tươi sống | B58: =E58&F58 -> Canh củ quảThịt xay | C58: Món mặn | D58: Món canh | E58: Canh củ quả | F58: Thịt xay | G58: 1 | H58: 80000 | I58: 404 | J58: =G58/I58 -> 0.0024752475 | K58: =(G58*H58)/I58 -> 198.0198
A59: NL Rau | B59: =E59&F59 -> Trái câyChuối | C59: Món mặn | D59: Tráng miệng | E59: Trái cây | F59: Chuối | G59: 450 | H59: 1500 | I59: 433 | J59: =G59/I59 -> 1.039261 | K59: =(G59*H59)/I59 -> 1558.8915
A60: NL Rau | B60: =E60&F60 -> CơmGạo | C60: Món mặn | D60: Cơm | E60: Cơm | F60: Gạo | G60: 10 | H60: 12500 | I60: 65 | J60: =G60/I60 -> 0.15384615 | K60: =(G60*H60)/I60 -> 1923.0769
A61: NL tươi sống | B61: =E61&F61 -> Cá phèn khoCá phèn | C61: Món mặn | D61: Món Chính | E61: Cá phèn kho | F61: Cá phèn | G61: 4.2 | H61: 37000 | I61: 36 | J61: =G61/I61 -> 0.11666667 | K61: =(G61*H61)/I61 -> 4316.6667 | L61: =SUM(K61:K66,#REF!) -> #REF! | M61: Cơm chiều ANV gồm sữa chua
A62: NL tươi sống | B62: =E62&F62 -> Thịt heo kho sả ruốcThịt heo nọng nạc | C62: Món mặn | D62: Món Chính | E62: Thịt heo kho sả ruốc | F62: Thịt heo nọng nạc | G62: 5.5 | H62: 70000 | I62: 100 | J62: =G62/I62 -> 0.055 | K62: =(G62*H62)/I62 -> 3850
A63: NL tươi sống | B63: =E63&F63 -> Thịt heo kho sả ruốcSả | C63: Món mặn | D63: Món Chính | E63: Thịt heo kho sả ruốc | F63: Sả | G63: 1 | H63: 10000 | I63: 100 | J63: =G63/I63 -> 0.01 | K63: =(G63*H63)/I63 -> 100
A64: NL tươi sống | B64: =E64&F64 -> Thịt heo kho sả ruốcMắm ruốc | C64: Món mặn | D64: Món Chính | E64: Thịt heo kho sả ruốc | F64: Mắm ruốc | G64: 0.5 | H64: 40000 | I64: 100 | J64: =G64/I64 -> 0.005 | K64: =(G64*H64)/I64 -> 200
A65: NL tươi sống | B65: =E65&F65 -> Canh cải ngọt thịt bằmThịt xay | C65: Món mặn | D65: Món canh | E65: Canh cải ngọt thịt bằm | F65: Thịt xay | G65: 0.3 | H65: 80000 | I65: 100 | J65: =G65/I65 -> 0.003 | K65: =(G65*H65)/I65 -> 240
A66: NL Rau | B66: =E66&F66 -> Canh cải ngọt thịt bằmCải ngọt | C66: Món mặn | D66: Món canh | E66: Canh cải ngọt thịt bằm | F66: Cải ngọt | G66: 3.5 | H66: 8000 | I66: 100 | J66: =G66/I66 -> 0.035 | K66: =(G66*H66)/I66 -> 280 | L66: =SUM(K67:K69,#REF!) -> #REF! | M66: Cơm chiều DAV
A67: NL tươi sống | B67: =E67&F67 -> cốt lết nướngCốt lết | C67: Món mặn | D67: Món chính | E67: cốt lết nướng | F67: Cốt lết | G67: 11 | H67: 100000 | I67: 100 | J67: =G67/I67 -> 0.11 | K67: =(G67*H67)/I67 -> 11000
A68: NL Rau | B68: =E68&F68 -> cốt lết nướngsả | C68: Món mặn | D68: Món chính | E68: cốt lết nướng | F68: sả | G68: 0.7 | H68: 30000 | I68: 100 | J68: =G68/I68 -> 0.007 | K68: =(G68*H68)/I68 -> 210 | O68: =G68*1.1 -> 0.77
A69: NL Rau | B69: =E69&F69 -> trứng ốp laTrứng gà | C69: Món mặn | D69: Món chính | E69: trứng ốp la | F69: Trứng gà | G69: 100 | H69: 2000 | I69: 100 | J69: =G69/I69 -> 1 | K69: =(G69*H69)/I69 -> 2000 | O69: =G69*1.1 -> 110
A70: NL tươi sống | B70: =E70&F70 -> Cá basa kho nghệCá basa | C70: Món mặn | D70: Món chính | E70: Cá basa kho nghệ | F70: Cá basa | G70: 37 | H70: 35000 | I70: 300 | J70: =G70/I70 -> 0.12333333 | K70: =(G70*H70)/I70 -> 4316.6667
A71: NL tươi sống | B71: =E71&F71 -> Gỏi tai heoTai mui heo | C71: Món mặn | D71: Món phụ | E71: Gỏi tai heo | F71: Tai mui heo | G71: 4 | H71: 70000 | I71: 100 | J71: =G71/I71 -> 0.04 | K71: =(G71*H71)/I71 -> 2800 | Q71: 0.5
A72: NL Rau | B72: =E72&F72 -> Gỏi tai heoSu tím | C72: Món mặn | D72: Món phụ | E72: Gỏi tai heo | F72: Su tím | G72: 2 | H72: 14000 | I72: 100 | J72: =G72/I72 -> 0.02 | K72: =(G72*H72)/I72 -> 280 | O72: NCC chay | Q72: 0.5
A73: NL Rau | B73: =E73&F73 -> Gỏi tai heoSu trắng | C73: Món mặn | D73: Món phụ | E73: Gỏi tai heo | F73: Su trắng | G73: 2 | H73: 10000 | I73: 100 | J73: =G73/I73 -> 0.02 | K73: =(G73*H73)/I73 -> 200 | O73: NCC chay | P73: Đậu khuôn chiên lát nhỏ | Q73: 15 | R73: cắt sợi
A74: NL Rau | B74: =E74&F74 -> Gỏi tai heoCà rốt | C74: Món mặn | D74: Món phụ | E74: Gỏi tai heo | F74: Cà rốt | G74: 1 | H74: 15000 | I74: 100 | J74: =G74/I74 -> 0.01 | K74: =(G74*H74)/I74 -> 150 | R74: lấy tồn
A75: NL Rau | B75: =E75&F75 -> Gỏi tai heoRau quế | C75: Món mặn | D75: Món phụ | E75: Gỏi tai heo | F75: Rau quế | G75: 0.3 | H75: 30000 | I75: 100 | J75: =G75/I75 -> 0.003 | K75: =(G75*H75)/I75 -> 90
A76: NL Rau | B76: =E76&F76 -> Bầu xào giáGiá | C76: Món mặn | D76: Món rau | E76: Bầu xào giá | F76: Giá | G76: 13 | H76: 10000 | I76: 323 | J76: =G76/I76 -> 0.040247678 | K76: =(G76*H76)/I76 -> 402.47678
A77: NL Rau | B77: =E77&F77 -> Bầu xào giáBầu | C77: Món mặn | D77: Món rau | E77: Bầu xào giá | F77: Bầu | G77: 15 | H77: 11000 | I77: 323 | J77: =G77/I77 -> 0.046439628 | K77: =(G77*H77)/I77 -> 510.83591
A78: NL Rau | B78: =E78&F78 -> Bồ ngốt nấu tômBồ ngót | C78: Món mặn | D78: Món canh | E78: Bồ ngốt nấu tôm | F78: Bồ ngót | G78: 10 | H78: 12000 | I78: 323 | J78: =G78/I78 -> 0.030959752 | K78: =(G78*H78)/I78 -> 371.51703
A79: NL tươi sống | B79: =E79&F79 -> Bồ ngốt nấu tômTôm | C79: Món mặn | D79: Món canh | E79: Bồ ngốt nấu tôm | F79: Tôm | G79: 1.5 | H79: 115000 | I79: 500 | J79: =G79/I79 -> 0.003 | K79: =(G79*H79)/I79 -> 345
A80: NL Rau | B80: =E80&F80 -> Trái câyThanh long | C80: Món mặn | D80: Tráng miệng | E80: Trái cây | F80: Thanh long | G80: 35 | H80: 20000 | I80: 323 | J80: =G80/I80 -> 0.10835913 | K80: =(G80*H80)/I80 -> 2167.1827 | L80: =SUM(K70:K81) -> 15758.679 | M80: Cơm trưa ANV gồm sữa chua
A81: NL Rau | B81: =E81&F81 -> Sữa chuaSữa chua | C81: Món mặn | D81: Sữa chua | E81: Sữa chua | F81: Sữa chua | G81: 91 | H81: 4125 | I81: 91 | J81: =G81/I81 -> 1 | K81: =(G81*H81)/I81 -> 4125 | L81: =SUM(K82:K90) -> 11393.402
A82: NL tươi sống | B82: =E82&F82 -> Phở gàMá đùi gà | C82: Món mặn | D82: Món nước | E82: Phở gà | F82: Má đùi gà | G82: 15.5 | H82: 40000 | I82: 100 | J82: =G82/I82 -> 0.155 | K82: =(G82*H82)/I82 -> 6200
A83: NL Rau | B83: =E83&F83 -> Phở gàPhở | C83: Món mặn | D83: Món nước | E83: Phở gà | F83: Phở | G83: 33 | H83: 12000 | I83: 100 | J83: =G83/I83 -> 0.33 | K83: =(G83*H83)/I83 -> 3960
A84: NL Rau | B84: =E84&F84 -> Phở gàHành tây | C84: Món mặn | D84: Món nước | E84: Phở gà | F84: Hành tây | G84: 1.2 | H84: 15000 | I84: 100 | J84: =G84/I84 -> 0.012 | K84: =(G84*H84)/I84 -> 180
A85: NL Rau | B85: =E85&F85 -> Phở gàHành lá | C85: Món mặn | D85: Món nước | E85: Phở gà | F85: Hành lá | G85: 0.4 | H85: 20000 | I85: 100 | J85: =G85/I85 -> 0.004 | K85: =(G85*H85)/I85 -> 80 | M85: Cơm trưa DAV
A86: NL Rau | B86: =E86&F86 -> Phở gàChanh | C86: Món mặn | D86: Món nước | E86: Phở gà | F86: Chanh | G86: 0.8 | H86: 26000 | I86: 100 | J86: =G86/I86 -> 0.008 | K86: =(G86*H86)/I86 -> 208
A87: NL Rau | B87: =E87&F87 -> Phở gàNgò gai | C87: Món mặn | D87: Món nước | E87: Phở gà | F87: Ngò gai | G87: 0.3 | H87: 35000 | I87: 100 | J87: =G87/I87 -> 0.003 | K87: =(G87*H87)/I87 -> 105
A88: NL Rau | B88: =E88&F88 -> Phở gàRau quế | C88: Món mặn | D88: Món nước | E88: Phở gà | F88: Rau quế | G88: 0.4 | H88: 30000 | I88: 100 | J88: =G88/I88 -> 0.004 | K88: =(G88*H88)/I88 -> 120
A89: NL Rau | B89: =E89&F89 -> Phở gàXà lách | C89: Món mặn | D89: Món nước | E89: Phở gà | F89: Xà lách | G89: 2 | H89: 22000 | I89: 100 | J89: =G89/I89 -> 0.02 | K89: =(G89*H89)/I89 -> 440
A90: NL Rau | B90: =E90&F90 -> Phở gàGiá | C90: Món mặn | D90: Món nước | E90: Phở gà | F90: Giá | G90: 2.5 | H90: 10000 | I90: 249 | J90: =G90/I90 -> 0.010040161 | K90: =(G90*H90)/I90 -> 100.40161
A91: NL tươi sống | B91: =E91&F91 -> Cá đù khoCá đù | C91: Món mặn | D91: Món chính | E91: Cá đù kho | F91: Cá đù | G91: 12 | H91: 45000 | I91: 100 | J91: =G91/I91 -> 0.12 | K91: =(G91*H91)/I91 -> 5400
A92: NL tươi sống | B92: =E92&F92 -> Heo xíu xào giáHeo đùi mông | C92: Món mặn | D92: Món phụ | E92: Heo xíu xào giá | F92: Heo đùi mông | G92: 3.5 | H92: 100000 | I92: 100 | J92: =G92/I92 -> 0.035 | K92: =(G92*H92)/I92 -> 3500
A93: NL Rau | B93: =E93&F93 -> Heo xíu xào giáGiá | C93: Món mặn | D93: Món phụ | E93: Heo xíu xào giá | F93: Giá | G93: 6 | H93: 10000 | I93: 100 | J93: =G93/I93 -> 0.06 | K93: =(G93*H93)/I93 -> 600
A94: NL Rau | B94: =E94&F94 -> Củ quả luộcCà rốt | C94: Món mặn | D94: Món rau | E94: Củ quả luộc | F94: Cà rốt | G94: 3 | H94: 15000 | I94: 119 | J94: =G94/I94 -> 0.025210084 | K94: =(G94*H94)/I94 -> 378.15126 | M94: Cơm trưa AMANN
A95: NL Rau | B95: =E95&F95 -> Củ quả luộcKhoai tây | C95: Món mặn | D95: Món rau | E95: Củ quả luộc | F95: Khoai tây | G95: 3 | H95: 17000 | I95: 119 | J95: =G95/I95 -> 0.025210084 | K95: =(G95*H95)/I95 -> 428.57143
A96: NL Rau | B96: =E96&F96 -> Củ quả luộcĐậu bắp | C96: Món mặn | D96: Món rau | E96: Củ quả luộc | F96: Đậu bắp | G96: 3.5 | H96: 12000 | I96: 119 | J96: =G96/I96 -> 0.029411765 | K96: =(G96*H96)/I96 -> 352.94118
A97: NL Rau | B97: =E97&F97 -> Bí đao nấu tômBí đao | C97: Món mặn | D97: Món Canh | E97: Bí đao nấu tôm | F97: Bí đao | G97: 4.5 | H97: 10000 | I97: 119 | J97: =G97/I97 -> 0.037815126 | K97: =(G97*H97)/I97 -> 378.15126
A98: NL tươi sống | B98: =E98&F98 -> Bí đao nấu tômTôm | C98: Món mặn | D98: Món Canh | E98: Bí đao nấu tôm | F98: Tôm | G98: 0.5 | H98: 110000 | I98: 119 | J98: =G98/I98 -> 0.0042016807 | K98: =(G98*H98)/I98 -> 462.18487
A99: NL Rau | B99: =E99&F99 -> Trái câyDưa hấu | C99: Món mặn | D99: Tráng miệng | E99: Trái cây | F99: Dưa hấu | G99: 12 | H99: 12000 | I99: 119 | J99: =G99/I99 -> 0.10084034 | K99: =(G99*H99)/I99 -> 1210.084
A100: NL Rau | B100: =E100&F100 -> Sữa chuaSữa chua | C100: Món mặn | D100: Sữa chua | E100: Sữa chua | F100: Sữa chua | G100: 119 | H100: 4375 | I100: 119 | J100: =G100/I100 -> 1 | K100: =(G100*H100)/I100 -> 4375
A101: NL tươi sống | B101: =E101&F101 -> Cá hố khoCá hố | C101: Món mặn | D101: Món chính | E101: Cá hố kho | F101: Cá hố | G101: 40 | H101: 60000 | I101: 325 | J101: =G101/I101 -> 0.12307692 | K101: =(G101*H101)/I101 -> 7384.6154
...

Sheet định lượng suất 34k
A2: Supplier | B2: Sub-column | C2: Loại món | D2: Menu | E2: Món | F2: Nguyên liệu chính | G2: Khối lượng ( kg) | H2: Giá nhập (kg) | I2: Số lượng suất ăn | J2: Định lượng (gram) / khay | K2: Cost/khay | L2: Tổng cost 1 suất
A3: NL tươi sống | B3: =E3&F3 -> Bún mọcNạc đùi mông | C3: Món mặn | D3: Món nước | E3: Bún mọc | F3: Nạc đùi mông | G3: 5 | H3: 100000 | I3: 100 | J3: =G3/I3 -> 0.05 | K3: =(G3*H3)/I3 -> 5000 | L3: =SUM(K3:K15) -> 17843
A4: NL tươi sống | B4: =E4&F4 -> Bún mọcChả quết | C4: Món mặn | D4: Món nước | E4: Bún mọc | F4: Chả quết | G4: 2.5 | H4: 120000 | I4: 100 | J4: =G4/I4 -> 0.025 | K4: =(G4*H4)/I4 -> 3000
A5: NL tươi sống | B5: =E5&F5 -> Bún mọcThịt xay | C5: Món mặn | D5: Món nước | E5: Bún mọc | F5: Thịt xay | G5: 1.2 | H5: 80000 | I5: 100 | J5: =G5/I5 -> 0.012 | K5: =(G5*H5)/I5 -> 960
A6: NL tươi sống | B6: =E6&F6 -> Bún mọcChả heo chín | C6: Món mặn | D6: Món nước | E6: Bún mọc | F6: Chả heo chín | G6: 2.5 | H6: 120000 | I6: 100 | J6: =G6/I6 -> 0.025 | K6: =(G6*H6)/I6 -> 3000
A7: NL Rau | B7: =E7&F7 -> Bún mọcNấm mèo | C7: Món mặn | D7: Món nước | E7: Bún mọc | F7: Nấm mèo | G7: 0.3 | H7: 55000 | I7: 100 | J7: =G7/I7 -> 0.003 | K7: =(G7*H7)/I7 -> 165
A8: NL tươi sống | B8: =E8&F8 -> Bún mọcDa heo | C8: Món mặn | D8: Món nước | E8: Bún mọc | F8: Da heo | G8: 3 | H8: 30000 | I8: 100 | J8: =G8/I8 -> 0.03 | K8: =(G8*H8)/I8 -> 900
A9: NL tươi sống | B9: =E9&F9 -> Bún mọcxương ống | C9: Món mặn | D9: Món nước | E9: Bún mọc | F9: xương ống | G9: 1.5 | H9: 30000 | I9: 100 | J9: =G9/I9 -> 0.015 | K9: =(G9*H9)/I9 -> 450
A10: NL Rau | B10: =E10&F10 -> Bún mọcBún | C10: Món mặn | D10: Món nước | E10: Bún mọc | F10: Bún | G10: 33 | H10: 10000 | I10: 100 | J10: =G10/I10 -> 0.33 | K10: =(G10*H10)/I10 -> 3300
A11: NL Rau | B11: =E11&F11 -> Bún mọcRau quế | C11: Món mặn | D11: Món nước | E11: Bún mọc | F11: Rau quế | G11: 0.3 | H11: 30000 | I11: 100 | J11: =G11/I11 -> 0.003 | K11: =(G11*H11)/I11 -> 90
A12: NL Rau | B12: =E12&F12 -> Bún mọcGiá | C12: Món mặn | D12: Món nước | E12: Bún mọc | F12: Giá | G12: 2.5 | H12: 10000 | I12: 100 | J12: =G12/I12 -> 0.025 | K12: =(G12*H12)/I12 -> 250
A13: NL Rau | B13: =E13&F13 -> Bún mọcHành lá | C13: Món mặn | D13: Món nước | E13: Bún mọc | F13: Hành lá | G13: 0.4 | H13: 20000 | I13: 100 | J13: =G13/I13 -> 0.004 | K13: =(G13*H13)/I13 -> 80
A14: NL Rau | B14: =E14&F14 -> Bún mọcChanh | C14: Món mặn | D14: Món nước | E14: Bún mọc | F14: Chanh | G14: 0.8 | H14: 26000 | I14: 100 | J14: =G14/I14 -> 0.008 | K14: =(G14*H14)/I14 -> 208
A15: NL Rau | B15: =E15&F15 -> Bún mọcXà lách | C15: Món mặn | D15: Món nước | E15: Bún mọc | F15: Xà lách | G15: 2 | H15: 22000 | I15: 100 | J15: =G15/I15 -> 0.02 | K15: =(G15*H15)/I15 -> 440
A16: NL tươi sống | B16: =E16&F16 -> Mỳ Quảng Tôm ThịtHeo đùi mông | C16: Món mặn | D16: Món nước | E16: Mỳ Quảng Tôm Thịt | F16: Heo đùi mông | G16: 4.5 | H16: 100000 | I16: 100 | J16: =G16/I16 -> 0.045 | K16: =(G16*H16)/I16 -> 4500 | L16: =SUM(K16:K28) -> 18138
A17: NL tươi sống | B17: =E17&F17 -> Mỳ Quảng Tôm ThịtTrứng cút lột sẵn | C17: Món mặn | D17: Món nước | E17: Mỳ Quảng Tôm Thịt | F17: Trứng cút lột sẵn | G17: 300 | H17: 600 | I17: 100 | J17: =G17/I17 -> 3 | K17: =(G17*H17)/I17 -> 1800
A18: NL tươi sống | B18: =E18&F18 -> Mỳ Quảng Tôm ThịtTôm | C18: Món mặn | D18: Món nước | E18: Mỳ Quảng Tôm Thịt | F18: Tôm | G18: 2.5 | H18: 100000 | I18: 100 | J18: =G18/I18 -> 0.025 | K18: =(G18*H18)/I18 -> 2500
A19: NL tươi sống | B19: =E19&F19 -> Mỳ Quảng Tôm Thịtchả heo chiên | C19: Món mặn | D19: Món nước | E19: Mỳ Quảng Tôm Thịt | F19: chả heo chiên | G19: 3 | H19: 140000 | I19: 100 | J19: =G19/I19 -> 0.03 | K19: =(G19*H19)/I19 -> 4200
A20: NL Rau | B20: =E20&F20 -> Mỳ Quảng Tôm ThịtBánh phồng tôm | C20: Món mặn | D20: Món nước | E20: Mỳ Quảng Tôm Thịt | F20: Bánh phồng tôm | G20: 6 | H20: 10000 | I20: 100 | J20: =G20/I20 -> 0.06 | K20: =(G20*H20)/I20 -> 600
A21: NL Rau | B21: =E21&F21 -> Mỳ Quảng Tôm ThịtXà lách | C21: Món mặn | D21: Món nước | E21: Mỳ Quảng Tôm Thịt | F21: Xà lách | G21: 2 | H21: 22000 | I21: 100 | J21: =G21/I21 -> 0.02 | K21: =(G21*H21)/I21 -> 440
A22: NL Rau | B22: =E22&F22 -> Mỳ Quảng Tôm ThịtSu trắng | C22: Món mặn | D22: Món nước | E22: Mỳ Quảng Tôm Thịt | F22: Su trắng | G22: 1 | H22: 10000 | I22: 100 | J22: =G22/I22 -> 0.01 | K22: =(G22*H22)/I22 -> 100
A23: NL Rau | B23: =E23&F23 -> Mỳ Quảng Tôm ThịtGiá | C23: Món mặn | D23: Món nước | E23: Mỳ Quảng Tôm Thịt | F23: Giá | G23: 2.5 | H23: 10000 | I23: 100 | J23: =G23/I23 -> 0.025 | K23: =(G23*H23)/I23 -> 250
A24: NL Rau | B24: =E24&F24 -> Mỳ Quảng Tôm ThịtHành lá | C24: Món mặn | D24: Món nước | E24: Mỳ Quảng Tôm Thịt | F24: Hành lá | G24: 0.4 | H24: 20000 | I24: 100 | J24: =G24/I24 -> 0.004 | K24: =(G24*H24)/I24 -> 80
A25: NL Rau | B25: =E25&F25 -> Mỳ Quảng Tôm ThịtNgò gai | C25: Món mặn | D25: Món nước | E25: Mỳ Quảng Tôm Thịt | F25: Ngò gai | G25: 0.2 | H25: 35000 | I25: 100 | J25: =G25/I25 -> 0.002 | K25: =(G25*H25)/I25 -> 70
A26: NL Rau | B26: =E26&F26 -> Mỳ Quảng Tôm ThịtQuế | C26: Món mặn | D26: Món nước | E26: Mỳ Quảng Tôm Thịt | F26: Quế | G26: 0.3 | H26: 30000 | I26: 100 | J26: =G26/I26 -> 0.003 | K26: =(G26*H26)/I26 -> 90
A27: NL Rau | B27: =E27&F27 -> Mỳ Quảng Tôm ThịtChanh | C27: Món mặn | D27: Món nước | E27: Mỳ Quảng Tôm Thịt | F27: Chanh | G27: 0.8 | H27: 26000 | I27: 100 | J27: =G27/I27 -> 0.008 | K27: =(G27*H27)/I27 -> 208
A28: NL Rau | B28: =E28&F28 -> Mỳ Quảng Tôm ThịtMỳ tươi | C28: Món mặn | D28: Món nước | E28: Mỳ Quảng Tôm Thịt | F28: Mỳ tươi | G28: 33 | H28: 10000 | I28: 100 | J28: =G28/I28 -> 0.33 | K28: =(G28*H28)/I28 -> 3300
A29: NL tươi sống | B29: =E29&F29 -> Mỳ Quảng Tôm Thịtcua đồng | C29: Món mặn | D29: Món nước | E29: Mỳ Quảng Tôm Thịt | F29: cua đồng | G29: 0.5 | H29: 50000 | I29: 100 | J29: =G29/I29 -> 0.005 | K29: =(G29*H29)/I29 -> 250
A30: NL tươi sống | B30: =E30&F30 -> Cá kình kho thơmCá kình | C30: Món mặn | D30: Món chính | E30: Cá kình kho thơm | F30: Cá kình | G30: 12 | H30: 40000 | I30: 100 | J30: =G30/I30 -> 0.12 | K30: =(G30*H30)/I30 -> 4800 | L30: =SUM(K30:K37,#REF!) -> #REF! | M30: Suất cơm DAV
A31: NL Rau | B31: =E31&F31 -> Cá kình kho thơmThơm | C31: Món mặn | D31: Món chính | E31: Cá kình kho thơm | F31: Thơm | G31: 7 | H31: 18000 | I31: 300 | J31: =G31/I31 -> 0.023333333 | K31: =(G31*H31)/I31 -> 420
A32: NL tươi sống | B32: =E32&F32 -> Thịt heo luộc giá chuaThịt đùi mông | C32: Món mặn | D32: Món Phụ | E32: Thịt heo luộc giá chua | F32: Thịt đùi mông | G32: 4.5 | H32: 100000 | I32: 100 | J32: =G32/I32 -> 0.045 | K32: =(G32*H32)/I32 -> 4500
A33: NL Rau | B33: =E33&F33 -> Thịt heo luộc giá chuaHành lá | C33: Món mặn | D33: Món Phụ | E33: Thịt heo luộc giá chua | F33: Hành lá | G33: 0.3 | H33: 18000 | I33: 100 | J33: =G33/I33 -> 0.003 | K33: =(G33*H33)/I33 -> 54
A34: NL Rau | B34: =E34&F34 -> Thịt heo luộc giá chuaGiá | C34: Món mặn | D34: Món Phụ | E34: Thịt heo luộc giá chua | F34: Giá | G34: 4 | H34: 10000 | I34: 100 | J34: =G34/I34 -> 0.04 | K34: =(G34*H34)/I34 -> 400
A35: NL Rau | B35: =E35&F35 -> Thịt heo luộc giá chuaCà rốt | C35: Món mặn | D35: Món Phụ | E35: Thịt heo luộc giá chua | F35: Cà rốt | G35: 1 | H35: 15000 | I35: 100 | J35: =G35/I35 -> 0.01 | K35: =(G35*H35)/I35 -> 150
A36: NL Rau | B36: =E36&F36 -> Rau xào thập cẩmRau thập cẩm | C36: Món mặn | D36: Món rau | E36: Rau xào thập cẩm | F36: Rau thập cẩm | G36: 35 | H36: 16000 | I36: 438 | J36: =G36/I36 -> 0.079908676 | K36: =(G36*H36)/I36 -> 1278.5388
A37: NL Rau | B37: =E37&F37 -> Sữa chuaSữa chua | C37: Món mặn | D37: Tráng miệng | E37: Sữa chua | F37: Sữa chua | G37: 290 | H37: 4620 | I37: 290 | J37: =G37/I37 -> 1 | K37: =(G37*H37)/I37 -> 4620
A38: NL tươi sống | B38: =E38&F38 -> Cá nục kho xì dầuCá nục | C38: Món mặn | D38: Món Chính | E38: Cá nục kho xì dầu | F38: Cá nục | G38: 10 | H38: 43000 | I38: 75 | J38: =G38/I38 -> 0.13333333 | K38: =(G38*H38)/I38 -> 5733.3333 | L38: =SUM(K32:K38,#REF!) -> #REF! | M38: Cơm anv
A39: NL tươi sống | B39: =E39&F39 -> Cá chim kho càCá chim | C39: Món mặn | D39: Món chính | E39: Cá chim kho cà | F39: Cá chim | G39: 23 | H39: 37000 | I39: 134 | J39: =G39/I39 -> 0.17164179 | K39: =(G39*H39)/I39 -> 6350.7463 | L39: =SUM(K37,K39:K46) -> 18183.599 | M39: Suất cơm chiều
A40: NL Rau | B40: =E40&F40 -> Cá chim kho càCà chua | C40: Món mặn | D40: Món chính | E40: Cá chim kho cà | F40: Cà chua | G40: 3 | H40: 20000 | I40: 134 | J40: =G40/I40 -> 0.02238806 | K40: =(G40*H40)/I40 -> 447.76119
A41: NL tươi sống | B41: =E41&F41 -> Tôm thịt rimTôm | C41: Món mặn | D41: Món chính | E41: Tôm thịt rim | F41: Tôm | G41: 2.5 | H41: 115000 | I41: 134 | J41: =G41/I41 -> 0.018656716 | K41: =(G41*H41)/I41 -> 2145.5224
A42: NL tươi sống | B42: =E42&F42 -> Tôm thịt rimThịt nọng | C42: Món mặn | D42: Món chính | E42: Tôm thịt rim | F42: Thịt nọng | G42: 1.5 | H42: 60000 | I42: 134 | J42: =G42/I42 -> 0.01119403 | K42: =(G42*H42)/I42 -> 671.64179
A43: NL tươi sống | B43: =E43&F43 -> Tôm thịt rimNạc vai | C43: Món mặn | D43: Món chính | E43: Tôm thịt rim | F43: Nạc vai | G43: 3.5 | H43: 100000 | I43: 134 | J43: =G43/I43 -> 0.026119403 | K43: =(G43*H43)/I43 -> 2611.9403
A44: NL Rau | B44: =E44&F44 -> Bí đao nấu tômBí đao | C44: Món mặn | D44: Món Canh | E44: Bí đao nấu tôm | F44: Bí đao | G44: 5 | H44: 9000 | I44: 136 | J44: =G44/I44 -> 0.036764706 | K44: =(G44*H44)/I44 -> 330.88235
A45: NL tươi sống | B45: =E45&F45 -> Bí đao nấu tômTôm | C45: Món mặn | D45: Món Canh | E45: Bí đao nấu tôm | F45: Tôm | G45: 0.5 | H45: 115000 | I45: 134 | J45: =G45/I45 -> 0.0037313433 | K45: =(G45*H45)/I45 -> 429.10448
A46: NL Rau | B46: =E46&F46 -> Rau muống xào tỏiRau muống | C46: Món mặn | D46: Món rau | E46: Rau muống xào tỏi | F46: Rau muống | G46: 12 | H46: 6000 | I46: 125 | J46: =G46/I46 -> 0.096 | K46: =(G46*H46)/I46 -> 576
A47: NL tươi sống | B47: =E47&F47 -> Gỏi gà xéMá đùi gà | C47: Món mặn | D47: Món Chính | E47: Gỏi gà xé | F47: Má đùi gà | G47: 8.5 | H47: 40000 | I47: 100 | J47: =G47/I47 -> 0.085 | K47: =(G47*H47)/I47 -> 3400 | L47: =SUM(K47:K53,K56,K57,K58,K59,K60,K61) -> 10069.5 | M47: Cơm trưa DAV
A48: NL Rau | B48: =E48&F48 -> Gỏi gà xéSu tím | C48: Món mặn | D48: Món Chính | E48: Gỏi gà xé | F48: Su tím | G48: 8 | H48: 14000 | I48: 404 | J48: =G48/I48 -> 0.01980198 | K48: =(G48*H48)/I48 -> 277.22772
A49: NL Rau | B49: =E49&F49 -> Gỏi gà xéSu trắng | C49: Món mặn | D49: Món Chính | E49: Gỏi gà xé | F49: Su trắng | G49: 10 | H49: 10000 | I49: 404 | J49: =G49/I49 -> 0.024752475 | K49: =(G49*H49)/I49 -> 247.52475
A50: NL Rau | B50: =E50&F50 -> Gỏi gà xéRau răm | C50: Món mặn | D50: Món Chính | E50: Gỏi gà xé | F50: Rau răm | G50: 1.5 | H50: 20000 | I50: 404 | J50: =G50/I50 -> 0.0037128713 | K50: =(G50*H50)/I50 -> 74.257426
A51: NL Rau | B51: =E51&F51 -> Gỏi gà xéCà Rốt | C51: Món mặn | D51: Món Chính | E51: Gỏi gà xé | F51: Cà Rốt | G51: 10 | H51: 15000 | I51: 404 | J51: =G51/I51 -> 0.024752475 | K51: =(G51*H51)/I51 -> 371.28713
A52: NL Rau | B52: =E52&F52 -> Mướp xào giáMướp | C52: Món mặn | D52: Món rau | E52: Mướp xào giá | F52: Mướp | G52: 32 | H52: 10000 | I52: 433 | J52: =G52/I52 -> 0.073903002 | K52: =(G52*H52)/I52 -> 739.03002
A53: NL Rau | B53: =E53&F53 -> Mướp xào giáGiá | C53: Món mặn | D53: Món rau | E53: Mướp xào giá | F53: Giá | G53: 17 | H53: 10000 | I53: 433 | J53: =G53/I53 -> 0.03926097 | K53: =(G53*H53)/I53 -> 392.6097
A54: NL tươi sống | B54: =E54&F54 -> Chả cá sốt càChả cá | C54: Món mặn | D54: Món phụ | E54: Chả cá sốt cà | F54: Chả cá | G54: 270 | H54: 1000 | I54: 113 | J54: =G54/I54 -> 2.3893805 | K54: =(G54*H54)/I54 -> 2389.3805
A55: NL Rau | B55: =E55&F55 -> Chả cá sốt càCà chua | C55: Món mặn | D55: Món phụ | E55: Chả cá sốt cà | F55: Cà chua | G55: 3 | H55: 20000 | I55: 113 | J55: =G55/I55 -> 0.026548673 | K55: =(G55*H55)/I55 -> 530.97345 | L55: =SUM(K47:K61) -> 12989.854 | M55: Cơm trưa ANV gồm sữa chua
A56: NL Rau | B56: =E56&F56 -> Dưa mónDưa món | C56: Món mặn | D56: Mắm | E56: Dưa món | F56: Dưa món | G56: 3 | H56: 18000 | I56: 100 | J56: =G56/I56 -> 0.03 | K56: =(G56*H56)/I56 -> 540
A57: NL Rau | B57: =E57&F57 -> Canh củ quảKhoai tây | C57: Món mặn | D57: Món canh | E57: Canh củ quả | F57: Khoai tây | G57: 4 | H57: 17000 | I57: 433 | J57: =G57/I57 -> 0.0092378753 | K57: =(G57*H57)/I57 -> 157.04388
A58: NL Rau | B58: =E58&F58 -> Canh củ quảCà rốt | C58: Món mặn | D58: Món canh | E58: Canh củ quả | F58: Cà rốt | G58: 5.5 | H58: 15000 | I58: 433 | J58: =G58/I58 -> 0.012702079 | K58: =(G58*H58)/I58 -> 190.53118
A59: NL tươi sống | B59: =E59&F59 -> Canh củ quảThịt xay | C59: Món mặn | D59: Món canh | E59: Canh củ quả | F59: Thịt xay | G59: 1 | H59: 80000 | I59: 404 | J59: =G59/I59 -> 0.0024752475 | K59: =(G59*H59)/I59 -> 198.0198
A60: NL Rau | B60: =E60&F60 -> Trái câyChuối | C60: Món mặn | D60: Tráng miệng | E60: Trái cây | F60: Chuối | G60: 450 | H60: 1500 | I60: 433 | J60: =G60/I60 -> 1.039261 | K60: =(G60*H60)/I60 -> 1558.8915
A61: NL Rau | B61: =E61&F61 -> CơmGạo | C61: Món mặn | D61: Cơm | E61: Cơm | F61: Gạo | G61: 10 | H61: 12500 | I61: 65 | J61: =G61/I61 -> 0.15384615 | K61: =(G61*H61)/I61 -> 1923.0769
A62: NL tươi sống | B62: =E62&F62 -> Cá phèn khoCá phèn | C62: Món mặn | D62: Món Chính | E62: Cá phèn kho | F62: Cá phèn | G62: 4.2 | H62: 37000 | I62: 36 | J62: =G62/I62 -> 0.11666667 | K62: =(G62*H62)/I62 -> 4316.6667 | L62: =SUM(K62:K67,#REF!) -> #REF! | M62: Cơm chiều ANV gồm sữa chua
A63: NL tươi sống | B63: =E63&F63 -> Thịt heo kho sả ruốcThịt heo nọng nạc | C63: Món mặn | D63: Món Chính | E63: Thịt heo kho sả ruốc | F63: Thịt heo nọng nạc | G63: 5.5 | H63: 70000 | I63: 100 | J63: =G63/I63 -> 0.055 | K63: =(G63*H63)/I63 -> 3850
A64: NL tươi sống | B64: =E64&F64 -> Thịt heo kho sả ruốcSả | C64: Món mặn | D64: Món Chính | E64: Thịt heo kho sả ruốc | F64: Sả | G64: 1 | H64: 10000 | I64: 100 | J64: =G64/I64 -> 0.01 | K64: =(G64*H64)/I64 -> 100
A65: NL tươi sống | B65: =E65&F65 -> Thịt heo kho sả ruốcMắm ruốc | C65: Món mặn | D65: Món Chính | E65: Thịt heo kho sả ruốc | F65: Mắm ruốc | G65: 0.5 | H65: 40000 | I65: 100 | J65: =G65/I65 -> 0.005 | K65: =(G65*H65)/I65 -> 200
A66: NL tươi sống | B66: =E66&F66 -> Canh cải ngọt thịt bằmThịt xay | C66: Món mặn | D66: Món canh | E66: Canh cải ngọt thịt bằm | F66: Thịt xay | G66: 0.3 | H66: 80000 | I66: 100 | J66: =G66/I66 -> 0.003 | K66: =(G66*H66)/I66 -> 240
A67: NL Rau | B67: =E67&F67 -> Canh cải ngọt thịt bằmCải ngọt | C67: Món mặn | D67: Món canh | E67: Canh cải ngọt thịt bằm | F67: Cải ngọt | G67: 3.5 | H67: 8000 | I67: 100 | J67: =G67/I67 -> 0.035 | K67: =(G67*H67)/I67 -> 280 | L67: =SUM(K68:K70,#REF!) -> #REF! | M67: Cơm chiều DAV
A68: NL Rau | B68: =E68&F68 -> cốt lết nướngCốt lết | C68: Món mặn | D68: Món chính | E68: cốt lết nướng | F68: Cốt lết | G68: 11 | H68: 100000 | I68: 100 | J68: =G68/I68 -> 0.11 | K68: =(G68*H68)/I68 -> 11000
A69: NL Rau | B69: =E69&F69 -> cốt lết nướngsả | C69: Món mặn | D69: Món chính | E69: cốt lết nướng | F69: sả | G69: 0.7 | H69: 30000 | I69: 100 | J69: =G69/I69 -> 0.007 | K69: =(G69*H69)/I69 -> 210
A70: NL tươi sống | B70: =E70&F70 -> trứng ốp laTrứng gà | C70: Món mặn | D70: Món chính | E70: trứng ốp la | F70: Trứng gà | G70: 100 | H70: 2000 | I70: 100 | J70: =G70/I70 -> 1 | K70: =(G70*H70)/I70 -> 2000 | P70: Miến dong rẻ | Q70: 1 | R70: làm chung vcv và wendler ~35s
A71: NL tươi sống | B71: =E71&F71 -> Cá basa kho nghệCá basa | C71: Món mặn | D71: Món chính | E71: Cá basa kho nghệ | F71: Cá basa | G71: 37 | H71: 35000 | I71: 300 | J71: =G71/I71 -> 0.12333333 | K71: =(G71*H71)/I71 -> 4316.6667 | Q71: 1
A72: NL tươi sống | B72: =E72&F72 -> Gỏi tai heoTai mui heo | C72: Món mặn | D72: Món phụ | E72: Gỏi tai heo | F72: Tai mui heo | G72: 4 | H72: 70000 | I72: 100 | J72: =G72/I72 -> 0.04 | K72: =(G72*H72)/I72 -> 2800 | Q72: 0.5
A73: NL Rau | B73: =E73&F73 -> Gỏi tai heoSu tím | C73: Món mặn | D73: Món phụ | E73: Gỏi tai heo | F73: Su tím | G73: 2 | H73: 14000 | I73: 100 | J73: =G73/I73 -> 0.02 | K73: =(G73*H73)/I73 -> 280 | O73: NCC chay | Q73: 0.5
A74: NL Rau | B74: =E74&F74 -> Gỏi tai heoSu trắng | C74: Món mặn | D74: Món phụ | E74: Gỏi tai heo | F74: Su trắng | G74: 2 | H74: 10000 | I74: 100 | J74: =G74/I74 -> 0.02 | K74: =(G74*H74)/I74 -> 200 | O74: NCC chay | P74: Đậu khuôn chiên lát nhỏ | Q74: 15 | R74: cắt sợi
A75: NL Rau | B75: =E75&F75 -> Gỏi tai heoCà rốt | C75: Món mặn | D75: Món phụ | E75: Gỏi tai heo | F75: Cà rốt | G75: 1 | H75: 15000 | I75: 100 | J75: =G75/I75 -> 0.01 | K75: =(G75*H75)/I75 -> 150 | R75: lấy tồn
A76: NL Rau | B76: =E76&F76 -> Gỏi tai heoRau quế | C76: Món mặn | D76: Món phụ | E76: Gỏi tai heo | F76: Rau quế | G76: 0.3 | H76: 30000 | I76: 100 | J76: =G76/I76 -> 0.003 | K76: =(G76*H76)/I76 -> 90
A77: NL Rau | B77: =E77&F77 -> Bầu xào giáGiá | C77: Món mặn | D77: Món rau | E77: Bầu xào giá | F77: Giá | G77: 13 | H77: 10000 | I77: 323 | J77: =G77/I77 -> 0.040247678 | K77: =(G77*H77)/I77 -> 402.47678
A78: NL Rau | B78: =E78&F78 -> Bầu xào giáBầu | C78: Món mặn | D78: Món rau | E78: Bầu xào giá | F78: Bầu | G78: 15 | H78: 11000 | I78: 323 | J78: =G78/I78 -> 0.046439628 | K78: =(G78*H78)/I78 -> 510.83591
A79: NL Rau | B79: =E79&F79 -> Bồ ngốt nấu tômBồ ngót | C79: Món mặn | D79: Món canh | E79: Bồ ngốt nấu tôm | F79: Bồ ngót | G79: 10 | H79: 12000 | I79: 323 | J79: =G79/I79 -> 0.030959752 | K79: =(G79*H79)/I79 -> 371.51703
A80: NL tươi sống | B80: =E80&F80 -> Bồ ngốt nấu tômTôm | C80: Món mặn | D80: Món canh | E80: Bồ ngốt nấu tôm | F80: Tôm | G80: 1.5 | H80: 115000 | I80: 500 | J80: =G80/I80 -> 0.003 | K80: =(G80*H80)/I80 -> 345
A81: NL Rau | B81: =E81&F81 -> Trái câyThanh long | C81: Món mặn | D81: Tráng miệng | E81: Trái cây | F81: Thanh long | G81: 35 | H81: 20000 | I81: 323 | J81: =G81/I81 -> 0.10835913 | K81: =(G81*H81)/I81 -> 2167.1827 | L81: =SUM(K71:K82) -> 15758.679 | M81: Cơm trưa ANV gồm sữa chua
A82: NL Rau | B82: =E82&F82 -> Sữa chuaSữa chua | C82: Món mặn | D82: Sữa chua | E82: Sữa chua | F82: Sữa chua | G82: 91 | H82: 4125 | I82: 91 | J82: =G82/I82 -> 1 | K82: =(G82*H82)/I82 -> 4125 | L82: =SUM(K83:K91) -> 17793.402
A83: NL tươi sống | B83: =E83&F83 -> Phở gàGà kiến thùng | C83: Món mặn | D83: Món nước | E83: Phở gà | F83: Gà kiến thùng | G83: 18 | H83: 70000 | I83: 100 | J83: =G83/I83 -> 0.18 | K83: =(G83*H83)/I83 -> 12600
A84: NL Rau | B84: =E84&F84 -> Phở gàPhở | C84: Món mặn | D84: Món nước | E84: Phở gà | F84: Phở | G84: 33 | H84: 12000 | I84: 100 | J84: =G84/I84 -> 0.33 | K84: =(G84*H84)/I84 -> 3960
A85: NL Rau | B85: =E85&F85 -> Phở gàHành tây | C85: Món mặn | D85: Món nước | E85: Phở gà | F85: Hành tây | G85: 1.2 | H85: 15000 | I85: 100 | J85: =G85/I85 -> 0.012 | K85: =(G85*H85)/I85 -> 180
A86: NL Rau | B86: =E86&F86 -> Phở gàHành lá | C86: Món mặn | D86: Món nước | E86: Phở gà | F86: Hành lá | G86: 0.4 | H86: 20000 | I86: 100 | J86: =G86/I86 -> 0.004 | K86: =(G86*H86)/I86 -> 80 | M86: Cơm trưa DAV
A87: NL Rau | B87: =E87&F87 -> Phở gàChanh | C87: Món mặn | D87: Món nước | E87: Phở gà | F87: Chanh | G87: 0.8 | H87: 26000 | I87: 100 | J87: =G87/I87 -> 0.008 | K87: =(G87*H87)/I87 -> 208
A88: NL Rau | B88: =E88&F88 -> Phở gàNgò gai | C88: Món mặn | D88: Món nước | E88: Phở gà | F88: Ngò gai | G88: 0.3 | H88: 35000 | I88: 100 | J88: =G88/I88 -> 0.003 | K88: =(G88*H88)/I88 -> 105
A89: NL Rau | B89: =E89&F89 -> Phở gàRau quế | C89: Món mặn | D89: Món nước | E89: Phở gà | F89: Rau quế | G89: 0.4 | H89: 30000 | I89: 100 | J89: =G89/I89 -> 0.004 | K89: =(G89*H89)/I89 -> 120
A90: NL Rau | B90: =E90&F90 -> Phở gàXà lách | C90: Món mặn | D90: Món nước | E90: Phở gà | F90: Xà lách | G90: 2 | H90: 22000 | I90: 100 | J90: =G90/I90 -> 0.02 | K90: =(G90*H90)/I90 -> 440
A91: NL Rau | B91: =E91&F91 -> Phở gàGiá | C91: Món mặn | D91: Món nước | E91: Phở gà | F91: Giá | G91: 2.5 | H91: 10000 | I91: 249 | J91: =G91/I91 -> 0.010040161 | K91: =(G91*H91)/I91 -> 100.40161
A92: NL tươi sống | B92: =E92&F92 -> Cá đù khoCá đù | C92: Món mặn | D92: Món chính | E92: Cá đù kho | F92: Cá đù | G92: 12 | H92: 45000 | I92: 100 | J92: =G92/I92 -> 0.12 | K92: =(G92*H92)/I92 -> 5400
A93: NL tươi sống | B93: =E93&F93 -> Heo xíu xào giáHeo đùi mông | C93: Món mặn | D93: Món phụ | E93: Heo xíu xào giá | F93: Heo đùi mông | G93: 3.5 | H93: 100000 | I93: 100 | J93: =G93/I93 -> 0.035 | K93: =(G93*H93)/I93 -> 3500
A94: NL Rau | B94: =E94&F94 -> Heo xíu xào giáGiá | C94: Món mặn | D94: Món phụ | E94: Heo xíu xào giá | F94: Giá | G94: 6 | H94: 10000 | I94: 100 | J94: =G94/I94 -> 0.06 | K94: =(G94*H94)/I94 -> 600
A95: NL Rau | B95: =E95&F95 -> Củ quả luộcCà rốt | C95: Món mặn | D95: Món rau | E95: Củ quả luộc | F95: Cà rốt | G95: 3 | H95: 15000 | I95: 119 | J95: =G95/I95 -> 0.025210084 | K95: =(G95*H95)/I95 -> 378.15126 | M95: Cơm trưa AMANN
A96: NL Rau | B96: =E96&F96 -> Củ quả luộcKhoai tây | C96: Món mặn | D96: Món rau | E96: Củ quả luộc | F96: Khoai tây | G96: 3 | H96: 17000 | I96: 119 | J96: =G96/I96 -> 0.025210084 | K96: =(G96*H96)/I96 -> 428.57143
A97: NL Rau | B97: =E97&F97 -> Củ quả luộcĐậu bắp | C97: Món mặn | D97: Món rau | E97: Củ quả luộc | F97: Đậu bắp | G97: 3.5 | H97: 12000 | I97: 119 | J97: =G97/I97 -> 0.029411765 | K97: =(G97*H97)/I97 -> 352.94118
A98: NL Rau | B98: =E98&F98 -> Bí đao nấu tômBí đao | C98: Món mặn | D98: Món Canh | E98: Bí đao nấu tôm | F98: Bí đao | G98: 4.5 | H98: 10000 | I98: 119 | J98: =G98/I98 -> 0.037815126 | K98: =(G98*H98)/I98 -> 378.15126
A99: NL tươi sống | B99: =E99&F99 -> Bí đao nấu tômTôm | C99: Món mặn | D99: Món Canh | E99: Bí đao nấu tôm | F99: Tôm | G99: 0.5 | H99: 110000 | I99: 119 | J99: =G99/I99 -> 0.0042016807 | K99: =(G99*H99)/I99 -> 462.18487
A100: NL Rau | B100: =E100&F100 -> Trái câyDưa hấu | C100: Món mặn | D100: Tráng miệng | E100: Trái cây | F100: Dưa hấu | G100: 12 | H100: 12000 | I100: 119 | J100: =G100/I100 -> 0.10084034 | K100: =(G100*H100)/I100 -> 1210.084
A101: NL Rau | B101: =E101&F101 -> Sữa chuaSữa chua | C101: Món mặn | D101: Sữa chua | E101: Sữa chua | F101: Sữa chua | G101: 119 | H101: 4375 | I101: 119 | J101: =G101/I101 -> 1 | K101: =(G101*H101)/I101 -> 4375
...

Sheet menu
B2: Menu suất ăn 25k
B4: MENU MẶN
B5: Món mặn 1 | C5: THỊT KHO SẢ RUỐC | D5: CỐT LẾT NƯỚNG | E5: CÁ NỤC CHIÊN MẮM TỎI | F5: THỊT KHO CỦ CẢI | G5: GÀ CHIÊN MẮM | H5: THỊT LUỘC GIÁ CHUA
B6: Món mặn 2 | C6: TÔM XÀO MƯỚP | D6: TRỨNG ỐP LA | E6: HEO XÀO CẢI CHUA | F6: CHẢ CÁ SỐT CÀ | G6: TRỨNG CHIÊN THẬP CẨM | H6: CÁ NGỪ KHO DƯA
B7: Rau | C7: CÀ TÍM MỠ HÀNH | D7: RAU LANG LUỘC | E7: GIÁ XÀO HẸ | F7: CẢI THÌA LUỘC | G7: SU TRẮNG LUỘC | H7: CẢI NGỌT LUỘC
B8: Canh | C8: CANH CHUA | D8: KHỔ QUA NẤU TÔM | E8: BẦU NẤU TÔM | F8: MỒNG TƠI NẤU TÔM | G8: BÍ ĐAO NẤU TÔM | H8: RAU MÁ THỊT XAY
B9: Trái cây | C9: TRÁI CÂY | D9: TRÁI CÂY | E9: TRÁI CÂY | F9: TRÁI CÂY | G9: TRÁI CÂY | H9: TRÁI CÂY
B11: MENU MẶN
B12: Món mặn 1 | C12: THỊT KHO ĐẬU KHUÔN | D12: VỊT NẤU LAGU | E12: THỊT XÀO CỦ QUẢ | F12: CÁ PHÈN KHO RIM | G12: GIÒ HEO UM ĐẬU | H12: HEO XÀO ĐẬU ĐŨA
B13: Món mặn 2 | C13: CÁ ĐÙ CHIÊN MẮM | D13: TRỨNG LUỘC | E13: TÔM RIM CHẢ | F13: THỊT RIM TRỨNG CÚT | G13: TRỨNG CHIÊN THẬP CẨM | H13: CÁ MỐI RIM NGHỆ
B14: Rau | C14: SU TRẮNG LUỘC | D14: CÀ TÍM MỠ HÀNH | E14: BẦU HẤP | F14: GIÁ XÀO HẸ | G14: RAU MUỐNG XÀO | H14: CẢI NGỌT LUỘC
B15: Canh | C15: CANH CHUA | D15: BỒ NGÓT NẤU TÔM | E15: KHỔ QUA THỊT XAY | F15: MỒNG TƠI NẤU TÔM | G15: BÍ ĐỎ NẤU TÔM | H15: RAU MÁ THỊT XAY
B16: Trái cây | C16: TRÁI CÂY | D16: TRÁI CÂY | E16: TRÁI CÂY | F16: TRÁI CÂY | G16: TRÁI CÂY | H16: TRÁI CÂY
B18: MENU MẶN
B19: Món mặn 1 | C19: MỲ GÀ | D19: GÀ XÉ TRỘN HÀNH | E19: CÁ NGỪ SỐT MẮM | F19: BÚN RIÊU CUA | G19: THỊT HEO RIM TÔM | H19: THỊT XÀO CẢI CHUA
B20: Món mặn 2 | D20: TRỨNG ỐP LA | E20: THỊT LUỘC MẮM NÊM | G20: CHẢ CÁ NHỒNG SỐT CÀ | H20: CÁ PHÈN CHIÊN
B21: Rau | D21: SU TRẮNG LUỘC | E21: RAU LANG LUỘC | G21: CÀ TÍM MỠ HÀNH | H21: SU SU XÀO
B22: Canh | D22: BẦU NẤU THỊT BẰM | E22: MỒNG TƠI NẤU TÔM | G22: BÍ ĐAO NẤU TÔM | H22: RAU MÁ THỊT XAY
B23: Trái cây | C23: TRÁI CÂY | D23: TRÁI CÂY | E23: TRÁI CÂY | F23: TRÁI CÂY | G23: TRÁI CÂY | H23: TRÁI CÂY
B26: MENU MẶN
B27: Món mặn 1 | C27: MỲ CÁ LÓC | D27: GÀ KHO SẢ | E27: CÁ HỐ CHIÊN | F27: BÚN XƯƠNG | G27: THỊT KHO SẢ RUỐC | H27: CÁ NỤC KHO KEO
B28: Món mặn 2 | D28: ĐẬU KHUÔN NHỒI THỊT | E28: BÚN TRỘN TÔM THỊT | G28: TÔM XÀO CỦ QUẢ | H28: THỊT HEO XÁ XÍU
B29: Rau | D29: CỦ QUẢ LUỘC | E29: GIÁ XÀO HẸ | G29: CÀ TÍM MỠ HÀNH | H29: RAU MUỐNG XÀO
B30: Canh | D30: BẦU NẤU THỊT BẰM | E30: MỒNG TƠI NẤU TÔM | G30: BÍ ĐAO NẤU TÔM | H30: RAU MÁ THỊT XAY
B31: Trái cây | C31: TRÁI CÂY | D31: TRÁI CÂY | E31: TRÁI CÂY | F31: TRÁI CÂY | G31: TRÁI CÂY | H31: TRÁI CÂY
B33: Menu suất ăn 30k
B35: MENU MẶN
B36: Món mặn 1 | C36: BÚN CÁ NGỪ | D36: THỊT RIM TRỨNG CÚT | E36: THỊT XÀO ĐẬU ĐŨA | F36: CÀ RI GÀ + BÁNH MÌ | G36: GÀ CHIÊN MẮM | H36: CÁ NỤC KHO KEO
B37: Món mặn 2 | D37: TÔM RANG MUỐI SẢ | E37: CÁ CHUỒN KHO MÍT | G37: TRỨNG LUỘC | H37: HEO XÀO CẢI CHUA
B38: Rau | D38: CÀ TÍM MỠ HÀNH | E38: CẢI NGỌT LUỘC | G38: SU TRẮNG LUỘC | H38: RAU LANG LUỘC
B39: Canh | D39: BÍ ĐAO NẤU TÔM | E39: RAU MÁ THỊT XAY | G39: BẦU NẤU THỊT BẰM | H39: MỒNG TƠI NẤU TÔM
B40: Trái cây | C40: TRÁI CÂY | D40: TRÁI CÂY | E40: TRÁI CÂY | F40: TRÁI CÂY | G40: TRÁI CÂY | H40: TRÁI CÂY
B43: MENU MẶN
B44: Món mặn 1 | C44: CÁ MỐI KHO RIM | D44: ĐÙI GÀ ROTY | E44: BÚN THỊT NƯỚNG | F44: CÁ NHÓI CHIÊN MẮM | G44: VỊT NẤU LAGU | H44: THỊT LUỘC MẮM NÊM
B45: Món mặn 2 | C45: MỰC CHIÊN MẮM | D45: TRỨNG LUỘC | F45: TÔM XÀO CHUA NGỌT | G45: CHẢ CÁ XÀO THƠM | H45: CÁ CHUỒN KẸP CHIÊN
B46: Rau | C46: CẢI NGỌT LUỘC | D46: CẢI CHUA XÀO | F46: MÍT NON XÀO | G46: RAU LANG LUỘC | H46: CÀ TÍM MỠ HÀNH
B47: Canh | C47: CANH CHUA | D47: BÍ ĐAO NẤU TÔM | F47: MỒNG TƠI NẤU TÔM | G47: BỒ NGÓT NẤU TÔM | H47: BẦU NẤU THỊT XAY
B48: Trái cây | C48: TRÁI CÂY | D48: TRÁI CÂY | E48: TRÁI CÂY | F48: TRÁI CÂY | G48: TRÁI CÂY | H48: TRÁI CÂY
B52: Menu suất ăn 34k
B55: MENU MẶN
B56: Món mặn 1 | C56: MỲ QUẢNG TÔM THỊT | D56: CÁ CHUỒN KẸP NGHỆ | E56: SƯỜN NON NƯỚNG | F56: GÀ KHO NÉN NGHỆ | G56: CÀ RI BÒ + BÁNH MỲ | H56: CÁ NGỪ SỐT MẮM
B57: Món mặn 2 | D57: THỊT LUỘC MẮM NÊM | E57: TRỨNG ỐP LA | F57: THỊT KHO CỦ QUẢ | H57: TÔM THỊT RIM
B58: Món phụ | D58: MÍT NON TRỘN | E58: THỊT CUỘN LÁ LÓT | F58: CÀ TÍM SỐT THỊT BẰM | H58: CHẢ CÁ RIM TÓP MỠ
B59: Rau | D59: SU TRẮNG LUỘC + MẮM DƯA | E59: KIM CHI | F59: CẢI NGỌT LUỘC + MẮM XỔI | H59: RAU MUỐNG XÀO + MUỐI ĐẬU
B60: Canh | D60: BỒ NGÓT NẤU TÔM | E60: KHỔ QUA THỊT XAY | F60: BÍ ĐAO NẤU TÔM | H60: MỒNG TƠI THỊT XAY
B61: Trái cây | C61: TRÁI CÂY | D61: TRÁI CÂY | E61: TRÁI CÂY | F61: TRÁI CÂY | G61: TRÁI CÂY | H61: TRÁI CÂY
B66: MENU MẶN
B67: Món mặn 1 | C67: BÚN XƯƠNG CHẢ | D67: CÁ ĐÙ KHO RIM | E67: GÀ CHẶT PHAY | F67: CÁ PHÈN CHIÊN | G67: MỲ CÁ LÓC | H67: THỊT KHO TRỨNG CÚT
B68: Món mặn 2 | D68: THỊT KHO SẢ | E68: TRỨNG ỐP LA | F68: THỊT KHO DƯA MUỐI | H68: BÒ XÀO CẢI CHUA
B69: Món phụ | D69: TÔM XÀO MƯỚP | F69: RAM TÔM THỊT | H69: BÚN TRỘN TÔM THỊT
B70: Rau | D70: ĐẬU BẮP LUỘC + MẮM XỔI | E70: KIM CHI | F70: BẦU HẤP + MUỐI ĐẬU | H70: CẢI NGỌT LUỘC + MẮM DƯA
B71: Canh | D71: MÔNG TƠI NẤU TÔM | E71: KHỔ QUA NHỒI THỊT | F71: BỒ NGÓT THỊT XAY | H71: BÍ ĐAO NẤU TÔM
B72: Trái cây | C72: TRÁI CÂY | D72: TRÁI CÂY | E72: TRÁI CÂY | F72: TRÁI CÂY | G72: TRÁI CÂY | H72: TRÁI CÂY
